"rgn_id","year","pressure_score"
1,2003,0.00864122783683441
2,2003,0.00236326439547074
3,2003,0
4,2003,0
5,2003,0
6,2003,0.00412344980717061
7,2003,0
8,2003,0.0215735607246507
9,2003,0
10,2003,0.0364907082906353
11,2003,0
13,2003,0
14,2003,0.0021922076188936
15,2003,0.0507446634747122
16,2003,0
17,2003,0
18,2003,0.00128228922216544
19,2003,0.00194749737701627
20,2003,0.00854800961480529
21,2003,0.0120277845942641
24,2003,0.000151134394744568
25,2003,0.00362223958840646
26,2003,0.0515320291686193
28,2003,0.00142801778593804
29,2003,0
30,2003,0.0101714578051888
31,2003,0
32,2003,0.000558906229566336
33,2003,0.00248108152453486
34,2003,0
37,2003,0
38,2003,0
39,2003,0.00497842715617314
40,2003,0
41,2003,0
42,2003,0
43,2003,0
44,2003,0
45,2003,0
46,2003,0.00126445680631193
47,2003,0.00054621127378196
48,2003,0
49,2003,0.00938598102109212
50,2003,0.00982593817966226
51,2003,0.00209338917250523
52,2003,0.00687362505108524
53,2003,0.0109721811233896
54,2003,0
55,2003,0.00935726052730945
56,2003,0
57,2003,0.0144288283695697
58,2003,0.0128040369484539
59,2003,0
60,2003,0.00569889580470773
61,2003,0.000729700024681201
62,2003,0.00376060432253378
63,2003,0
64,2003,0.00588395851213841
65,2003,0.0110087228297419
66,2003,0.010689056009922
67,2003,0
68,2003,0
69,2003,0
70,2003,0
71,2003,0
72,2003,0
73,2003,0
74,2003,0
75,2003,0
76,2003,0.00182874874293404
77,2003,0.0031469145218469
78,2003,0.00246564629345414
79,2003,0
80,2003,0
81,2003,0
82,2003,0
84,2003,0.0073766095477521
85,2003,0.0403987015605304
86,2003,0.0535760720065592
88,2003,0.00284008273119118
89,2003,0
90,2003,0
92,2003,0
93,2003,0
94,2003,0
95,2003,0
96,2003,0.00159082811594935
97,2003,0
98,2003,0.0222662632769257
100,2003,0.00159898843813144
101,2003,0
102,2003,0
103,2003,0
104,2003,0.00482902222282722
106,2003,0
107,2003,0
108,2003,0
110,2003,0
111,2003,0
112,2003,0
113,2003,0
114,2003,0.00541687744266028
115,2003,0
116,2003,0
117,2003,0
118,2003,0
119,2003,0.00139784162076984
120,2003,0
121,2003,0
122,2003,0.000797245303743033
123,2003,0.00356304657388118
124,2003,0.00801122583331249
125,2003,0
126,2003,0
127,2003,0
129,2003,0.00568693574687251
130,2003,0
131,2003,0
132,2003,0
133,2003,0
134,2003,0
135,2003,0
136,2003,0
137,2003,0.00163437609181416
138,2003,0.00162792272073231
139,2003,0
140,2003,0.0284339819812653
141,2003,0.00270355850385906
143,2003,0.00246242949179776
144,2003,0.0328109950085579
145,2003,0.0162708889276668
147,2003,0
148,2003,0.0217540113194967
149,2003,0.0395609571594754
150,2003,0
153,2003,0.00272692528979479
154,2003,0.00701191136205381
155,2003,0.00282045496968175
157,2003,0.195991502141929
158,2003,0
159,2003,0
161,2003,0
162,2003,0.00107231416014475
163,2003,0
164,2003,0.00479501798895876
166,2003,0
167,2003,0
168,2003,0
169,2003,0
171,2003,0
172,2003,0
173,2003,0
174,2003,0
175,2003,0.00385000653693712
176,2003,0.00268280760008754
177,2003,0.00132773812684184
178,2003,0
179,2003,0.000928997420130195
180,2003,0.00264839030556274
181,2003,0.000948207858763928
182,2003,0
183,2003,0.00169232289057786
184,2003,0
186,2003,0
187,2003,0
188,2003,0
189,2003,0
190,2003,0
191,2003,0
192,2003,0.00435378202532244
193,2003,0
194,2003,0.00106972826288743
195,2003,0.00410449368757992
196,2003,0.885108189416757
197,2003,0.00991662091259515
198,2003,0.10086212075551
199,2003,0
200,2003,0.0108019651655242
202,2003,0.00168678684669665
203,2003,0.00737932460188861
204,2003,0.0115060743285115
205,2003,0.0151393714851058
206,2003,0.00996808778079916
207,2003,0.00982162446145263
208,2003,0.0505732921303432
209,2003,0.0119333027317928
210,2003,0.0329446526161529
212,2003,0.0343132727765966
214,2003,0
216,2003,0.000657341224009067
218,2003,0
219,2003,0
220,2003,0.0239438517920738
221,2003,0
222,2003,0
223,2003,0.00251165772683137
224,2003,0.00196234751905644
227,2003,0.00157023788682942
228,2003,0.0181518650250944
231,2003,0.00396024517432558
232,2003,0.0473078338007372
237,2003,0.066488044937287
247,2003,0.0319496403941619
248,2003,0
249,2003,0.0525965775851024
1,2004,0
2,2004,0.00249715813473039
3,2004,0
4,2004,0
5,2004,0
6,2004,0.0041805530498904
7,2004,0
8,2004,0.0212896120535022
9,2004,0
10,2004,0.0361542710815053
11,2004,0
13,2004,0
14,2004,0.00155634384026049
15,2004,0.0440910419222226
16,2004,0
17,2004,0
18,2004,0.00209687926767754
19,2004,0.000579417646684788
20,2004,0.00794765525538255
21,2004,0.0124981786361139
24,2004,0.00205524909368093
25,2004,0.00278487085133228
26,2004,0.0658709034417345
28,2004,0.0000891843763921596
29,2004,0
30,2004,0.00922713768666528
31,2004,0
32,2004,0.000177036359636729
33,2004,0
34,2004,0
37,2004,0
38,2004,0
39,2004,0.00145597555800503
40,2004,0
41,2004,0
42,2004,0
43,2004,0
44,2004,0
45,2004,0
46,2004,0.000909000680081817
47,2004,0.00262528310911803
48,2004,0
49,2004,0.0248728976616762
50,2004,0.00974611133066716
51,2004,0.00778169260874328
52,2004,0.0228778642048009
53,2004,0.011331209922338
54,2004,0
55,2004,0.0114922987992532
56,2004,0
57,2004,0.0103637708630787
58,2004,0.0291396008260455
59,2004,0
60,2004,0.0196106530242629
61,2004,0.00106633567545555
62,2004,0.00231752386866246
63,2004,0
64,2004,0.00777624025410451
65,2004,0.0061182873018476
66,2004,0.00959794962260541
67,2004,0
68,2004,0
69,2004,0
70,2004,0
71,2004,0
72,2004,0
73,2004,0
74,2004,0
75,2004,0
76,2004,0.00242900856727923
77,2004,0.00203667540669106
78,2004,0.00233820998667389
79,2004,0
80,2004,0
81,2004,0
82,2004,0
84,2004,0.00565583542953163
85,2004,0.00530507504618893
86,2004,0.0553441784746602
88,2004,0.0442120812238931
89,2004,0
90,2004,0
92,2004,0
93,2004,0
94,2004,0
95,2004,0
96,2004,0.00346149782250338
97,2004,0
98,2004,0.0301912542403829
100,2004,0.00168058362154444
101,2004,0
102,2004,0
103,2004,0
104,2004,0.00476442750882622
106,2004,0
107,2004,0.00145738244509275
108,2004,0
110,2004,0
111,2004,0
112,2004,0
113,2004,0
114,2004,0.00586829315513504
115,2004,0
116,2004,0
117,2004,0
118,2004,0.000250059995820617
119,2004,0.00160175586403832
120,2004,0
121,2004,0
122,2004,0.00103955332985761
123,2004,0.00579238974455376
124,2004,0.00309738980701468
125,2004,0
126,2004,0
127,2004,0
129,2004,0.00933300208045384
130,2004,0
131,2004,0
132,2004,0
133,2004,0
134,2004,0
135,2004,0
136,2004,0
137,2004,0.00115186263111222
138,2004,0.00136035635045761
139,2004,0.000181719085249887
140,2004,0.0153548545614769
141,2004,0.00318231924759593
143,2004,0.0023664224886577
144,2004,0.0410300730002894
145,2004,0.0124309695809346
147,2004,0
148,2004,0.0231449780966196
149,2004,0.0243381267375566
150,2004,0
153,2004,0.00284101835105
154,2004,0.0101200128242362
155,2004,0
157,2004,0.177714274284458
158,2004,0
159,2004,0
161,2004,0
162,2004,0.000161947913652094
163,2004,0
164,2004,0.00293886288942857
166,2004,0
167,2004,0
168,2004,0
169,2004,0
171,2004,0
172,2004,0
173,2004,0
174,2004,0
175,2004,0.00549534005191776
176,2004,0.0061461796154697
177,2004,0.0023838111488681
178,2004,0
179,2004,0.000805614875293292
180,2004,0.00209024255112455
181,2004,0.000570347799758619
182,2004,0.000413037156081097
183,2004,0.00198594032939525
184,2004,0
186,2004,0
187,2004,0
188,2004,0
189,2004,0
190,2004,0
191,2004,0
192,2004,0.00314102295217611
193,2004,0
194,2004,0
195,2004,0.00466807383911949
196,2004,0.861898370775308
197,2004,0.0127664853709981
198,2004,0.093909142672603
199,2004,0
200,2004,0.0108875669896016
202,2004,0.00225432809046811
203,2004,0.00613499382339877
204,2004,0.0145384912005462
205,2004,0.0155387840422286
206,2004,0.0104388257488826
207,2004,0.0104816941386021
208,2004,0.0328536798425776
209,2004,0.0110344724486613
210,2004,0.0303733587917402
212,2004,0.030444534382515
214,2004,0
216,2004,0.000831179884739575
218,2004,0
219,2004,0
220,2004,0.05653224252936
221,2004,0
222,2004,0
223,2004,0.00535663589572111
224,2004,0.00319561934890022
227,2004,0
228,2004,0.0119321627538668
231,2004,0.00322357947291585
232,2004,0.131280918869676
237,2004,0.067620469513237
247,2004,0.0164241844993309
248,2004,0
249,2004,0.0557599684835824
1,2005,0.00769628761462282
2,2005,0.00296176733117326
3,2005,0
4,2005,0
5,2005,0
6,2005,0.00399631609603057
7,2005,0
8,2005,0.0206456443823142
9,2005,0
10,2005,0.034407626242031
11,2005,0
13,2005,0
14,2005,0.00237018479531592
15,2005,0.0420660917440586
16,2005,0
17,2005,0
18,2005,0.0015939993787526
19,2005,0
20,2005,0.0055593799092607
21,2005,0.0123511980980674
24,2005,0.000483371912083697
25,2005,0.00582918687907708
26,2005,0.0491177140234568
28,2005,0.00122843039377341
29,2005,0
30,2005,0.00565297591068226
31,2005,0
32,2005,0
33,2005,0.0471861582599011
34,2005,0
37,2005,0
38,2005,0
39,2005,0.00234995938419236
40,2005,0
41,2005,0
42,2005,0
43,2005,0
44,2005,0
45,2005,0
46,2005,0.000356512114061625
47,2005,0.00195487583712306
48,2005,0
49,2005,0.0185279147607135
50,2005,0.0100422981114872
51,2005,0.00952393758414183
52,2005,0.00747564912179643
53,2005,0.00802747505716306
54,2005,0
55,2005,0.105713275966494
56,2005,0
57,2005,0.0137697675702415
58,2005,0.0109033435598018
59,2005,0
60,2005,0.00875830059725813
61,2005,0
62,2005,0.0086931904965305
63,2005,0
64,2005,0.00685181841180127
65,2005,0.0107824922217553
66,2005,0.0101389001773848
67,2005,0
68,2005,0
69,2005,0
70,2005,0
71,2005,0
72,2005,0
73,2005,0
74,2005,0
75,2005,0
76,2005,0.00262178299981186
77,2005,0.00363095865110541
78,2005,0.00296719996542938
79,2005,0
80,2005,0
81,2005,0
82,2005,0
84,2005,0.00487924787678728
85,2005,0.0259891812955565
86,2005,0.0602787721619321
88,2005,0
89,2005,0
90,2005,0
92,2005,0
93,2005,0
94,2005,0
95,2005,0
96,2005,0.0049213471416889
97,2005,0
98,2005,0.0249471785248959
100,2005,0.000590617173851449
101,2005,0
102,2005,0
103,2005,0
104,2005,0.00446383278702989
106,2005,0.000128621315773181
107,2005,0
108,2005,0
110,2005,0
111,2005,0
112,2005,0
113,2005,0
114,2005,0.00763799149713895
115,2005,0
116,2005,0
117,2005,0
118,2005,0
119,2005,0.00111643052151589
120,2005,0
121,2005,0
122,2005,0.00324618844026914
123,2005,0.0032033848890678
124,2005,0.00976612904558627
125,2005,0
126,2005,0
127,2005,0
129,2005,0.00428403799230981
130,2005,0
131,2005,0
132,2005,0
133,2005,0
134,2005,0
135,2005,0
136,2005,0
137,2005,0.000734091593237562
138,2005,0.00255532938174419
139,2005,0
140,2005,0.0162017494491633
141,2005,0.00222859574605183
143,2005,0.00152358905381034
144,2005,0.0191118964574587
145,2005,0.00953796636319126
147,2005,0
148,2005,0.0166917108481209
149,2005,0.0221250101336219
150,2005,0
153,2005,0.00271005100188804
154,2005,0.00678093448167805
155,2005,0
157,2005,0.177804495313085
158,2005,0
159,2005,0
161,2005,0.000223292668198205
162,2005,0.0000757413861208756
163,2005,0
164,2005,0.0134575798087059
166,2005,0
167,2005,0
168,2005,0
169,2005,0
171,2005,0
172,2005,0
173,2005,0
174,2005,0
175,2005,0.00269326080315369
176,2005,0.00463008236790485
177,2005,0.00223801232637333
178,2005,0
179,2005,0.0000207805205312273
180,2005,0.00218143873073218
181,2005,0.000549569953703255
182,2005,0.00441314640576251
183,2005,0.00142660960385088
184,2005,0
186,2005,0
187,2005,0
188,2005,0.0321911100798939
189,2005,0
190,2005,0
191,2005,0
192,2005,0.00921868915920798
193,2005,0
194,2005,0
195,2005,0.0000739083999526935
196,2005,0.886867448878994
197,2005,0.0141082045236041
198,2005,0.0965374757349416
199,2005,0
200,2005,0.00987948386029325
202,2005,0.00289955908421713
203,2005,0.00682090318482043
204,2005,0.0131209917811383
205,2005,0.0156093258157732
206,2005,0.00725182120744905
207,2005,0.0115031740398109
208,2005,0.0886234905664071
209,2005,0.0114765749450554
210,2005,0.0304269769145429
212,2005,0.0265581055439879
214,2005,0
216,2005,0.000691398643972496
218,2005,0
219,2005,0
220,2005,0.0456960187522585
221,2005,0
222,2005,0
223,2005,0.00431686341422799
224,2005,0.00316038139290664
227,2005,0.000676690782853595
228,2005,0.0120994784520245
231,2005,0.00832965735226665
232,2005,0.108190590945555
237,2005,0.0266777576857418
247,2005,0.0188666079537881
248,2005,0
249,2005,0.0757615303291514
1,2006,0
2,2006,0.000495142157160844
3,2006,0
4,2006,0
5,2006,0
6,2006,0.00233119663454862
7,2006,0
8,2006,0.0213034004131923
9,2006,0
10,2006,0.0323678597886574
11,2006,0
13,2006,0
14,2006,0.00181297554858417
15,2006,0.0525591061338982
16,2006,0
17,2006,0
18,2006,0.00169128698520771
19,2006,0.000300765633756805
20,2006,0
21,2006,0.00691938402573944
24,2006,0
25,2006,0.00349763868381303
26,2006,0.0566424422118387
28,2006,0.000440052805932734
29,2006,0
30,2006,0.00611168014400465
31,2006,0
32,2006,0
33,2006,0
34,2006,0.00153661490234946
37,2006,0
38,2006,0
39,2006,0.000618392985611171
40,2006,0
41,2006,0
42,2006,0
43,2006,0
44,2006,0
45,2006,0
46,2006,0.0046428886318941
47,2006,0.00175402435749261
48,2006,0
49,2006,0.024366680603629
50,2006,0.0115760818958867
51,2006,0.00797904676074401
52,2006,0.00267476715196191
53,2006,0.00822763613407873
54,2006,0
55,2006,0.143635996037891
56,2006,0
57,2006,0.0152834394188797
58,2006,0.0118462742476836
59,2006,0.0000762872278833315
60,2006,0.00308887682197734
61,2006,0
62,2006,0.00730569429615491
63,2006,0
64,2006,0.00378742421814426
65,2006,0.00726459053754813
66,2006,0.00780405594492628
67,2006,0
68,2006,0
69,2006,0
70,2006,0
71,2006,0
72,2006,0
73,2006,0
74,2006,0
75,2006,0
76,2006,0.00301065479224016
77,2006,0.00450601055260869
78,2006,0.00368802171674909
79,2006,0
80,2006,0
81,2006,0
82,2006,0
84,2006,0.00420535138379119
85,2006,0.000662656073662227
86,2006,0.0553562922198498
88,2006,0
89,2006,0
90,2006,0
92,2006,0
93,2006,0
94,2006,0
95,2006,0
96,2006,0.00626766106577825
97,2006,0
98,2006,0.0248954709336879
100,2006,0.00242260559905172
101,2006,0
102,2006,0
103,2006,0
104,2006,0.00785969104429995
106,2006,0
107,2006,0
108,2006,0
110,2006,0
111,2006,0
112,2006,0
113,2006,0
114,2006,0.0103638393663048
115,2006,0
116,2006,0
117,2006,0
118,2006,0
119,2006,0
120,2006,0
121,2006,0
122,2006,0.00000396583361150782
123,2006,0
124,2006,0.00964023198495012
125,2006,0
126,2006,0
127,2006,0
129,2006,0.00395064379456433
130,2006,0
131,2006,0
132,2006,0
133,2006,0
134,2006,0
135,2006,0
136,2006,0
137,2006,0
138,2006,0.00396525914069457
139,2006,0
140,2006,0.0212391327259733
141,2006,0
143,2006,0.000357030553872706
144,2006,0.0033227753928029
145,2006,0.00599585191227814
147,2006,0
148,2006,0.0161027509504685
149,2006,0.0274257494149924
150,2006,0
153,2006,0.00282428471365348
154,2006,0.00245249083582633
155,2006,0
157,2006,0.156349315388546
158,2006,0
159,2006,0
161,2006,0.000874906131366648
162,2006,0
163,2006,0
164,2006,0.00425056573962734
166,2006,0.00140532411296779
167,2006,0
168,2006,0
169,2006,0
171,2006,0
172,2006,0
173,2006,0.00105325734314787
174,2006,0
175,2006,0.00181895489504158
176,2006,0.00268661464071251
177,2006,0.00412584556557516
178,2006,0.00132434529307768
179,2006,0.00258806089147712
180,2006,0.0016020629596194
181,2006,0
182,2006,0
183,2006,0.00195095122262523
184,2006,0
186,2006,0
187,2006,0
188,2006,0.0141954307109746
189,2006,0
190,2006,0
191,2006,0
192,2006,0.0140244649604047
193,2006,0
194,2006,0
195,2006,0.0132902277053112
196,2006,0.903089813973352
197,2006,0.0127674233784397
198,2006,0.0956276282527403
199,2006,0
200,2006,0.0156240502237972
202,2006,0.00347262387645142
203,2006,0.00653430380237541
204,2006,0.01341332726019
205,2006,0.0127479628493703
206,2006,0.00803769222188955
207,2006,0.0118251693889346
208,2006,0.104055884958224
209,2006,0.0149231773998546
210,2006,0.0159470303208997
212,2006,0.0224565561423462
214,2006,0
216,2006,0.000684876175944926
218,2006,0
219,2006,0
220,2006,0.0834432342489384
221,2006,0
222,2006,0
223,2006,0.00121703129427553
224,2006,0.00629021944860497
227,2006,0.000164254666866981
228,2006,0.0135127775830061
231,2006,0.00213923698904595
232,2006,0.0971820083498325
237,2006,0.0346482614736857
247,2006,0.0139879844433967
248,2006,0
249,2006,0.0794882173776665
1,2007,0.00666613401678573
2,2007,0.0165106379404074
3,2007,0
4,2007,0
5,2007,0
6,2007,0.00366469147195492
7,2007,0.000234055542511769
8,2007,0.0196228475716995
9,2007,0
10,2007,0.0319971892048599
11,2007,0
13,2007,0
14,2007,0.00132308700209904
15,2007,0.0517938955355323
16,2007,0
17,2007,0
18,2007,0.00308780099880024
19,2007,0.00139099049074287
20,2007,0
21,2007,0.00640407774947382
24,2007,0
25,2007,0
26,2007,0.0680368094679977
28,2007,0.00827532401457465
29,2007,0
30,2007,0.00509764158982162
31,2007,0
32,2007,0
33,2007,0.000499527123733912
34,2007,0.00120641243529318
37,2007,0
38,2007,0
39,2007,0.000829713456618419
40,2007,0.00032535431007219
41,2007,0
42,2007,0.00044111719353257
43,2007,0
44,2007,0
45,2007,0
46,2007,0.00225633940360692
47,2007,0.00361402544275713
48,2007,0
49,2007,0.0156959615643284
50,2007,0.0149489251727423
51,2007,0.00676470017315789
52,2007,0.00359148196173731
53,2007,0.00831180085402861
54,2007,0
55,2007,0.042131070570246
56,2007,0
57,2007,0.0100334694886557
58,2007,0.0194979903898181
59,2007,0.00171235727896601
60,2007,0.00210265132855159
61,2007,0
62,2007,0.00730611770719236
63,2007,0
64,2007,0.00813370030988059
65,2007,0.0067755587385937
66,2007,0.00680394215669022
67,2007,0
68,2007,0
69,2007,0
70,2007,0
71,2007,0
72,2007,0
73,2007,0
74,2007,0
75,2007,0
76,2007,0.00399543542484604
77,2007,0.00696576423004469
78,2007,0.00773973304331554
79,2007,0
80,2007,0
81,2007,0
82,2007,0
84,2007,0.0066166323942799
85,2007,0.0464944547057911
86,2007,0.0212063618563529
88,2007,0.00973971032986221
89,2007,0
90,2007,0
92,2007,0
93,2007,0
94,2007,0
95,2007,0
96,2007,0.00443514998142858
97,2007,0
98,2007,0.0447560992905029
100,2007,0.00280333365496521
101,2007,0
102,2007,0
103,2007,0
104,2007,0
106,2007,0.000558830159378076
107,2007,0
108,2007,0
110,2007,0
111,2007,0
112,2007,0
113,2007,0
114,2007,0.00832620027806874
115,2007,0.000148170186469732
116,2007,0
117,2007,0
118,2007,0
119,2007,0.0049468236699276
120,2007,0
121,2007,0
122,2007,0.0059298244062711
123,2007,0.00196611522577772
124,2007,0.00534992211064167
125,2007,0
126,2007,0
127,2007,0
129,2007,0.00348126643868485
130,2007,0
131,2007,0
132,2007,0.00117441865140655
133,2007,0
134,2007,0
135,2007,0
136,2007,0
137,2007,0
138,2007,0.00292395119450495
139,2007,0
140,2007,0.0154466815903472
141,2007,0
143,2007,0.0004411242616702
144,2007,0.016583103702311
145,2007,0.00457236530460192
147,2007,0
148,2007,0.0173122808387758
149,2007,0.0282500531191543
150,2007,0
153,2007,0.00222687010598166
154,2007,0.000251078953657169
155,2007,0
157,2007,0.173040662588686
158,2007,0
159,2007,0
161,2007,0.00120569549437266
162,2007,0
163,2007,0
164,2007,0.00332517463289039
166,2007,0.00211597188931345
167,2007,0
168,2007,0
169,2007,0
171,2007,0
172,2007,0
173,2007,0
174,2007,0
175,2007,0.00175168721613217
176,2007,0.00301182896779884
177,2007,0.00228449493219318
178,2007,0
179,2007,0.000849127692474805
180,2007,0.000743121230024291
181,2007,0
182,2007,0
183,2007,0.0055162482450779
184,2007,0
186,2007,0
187,2007,0
188,2007,0.012550729112909
189,2007,0
190,2007,0
191,2007,0
192,2007,0.00491736063766823
193,2007,0
194,2007,0
195,2007,0.0022385765316838
196,2007,0.926663820974335
197,2007,0.00803130333720814
198,2007,0.0794851389456411
199,2007,0
200,2007,0.0133305330046991
202,2007,0.00215970469020843
203,2007,0.00741855528016833
204,2007,0.0136161774748442
205,2007,0.0140131111985262
206,2007,0.00787174919066158
207,2007,0.0114528222618194
208,2007,0.0794623203011071
209,2007,0.0132883541638005
210,2007,0.0147327516264856
212,2007,0.0187385684135749
214,2007,0
216,2007,0.000647790102852319
218,2007,0
219,2007,0
220,2007,0.0386581513647977
221,2007,0
222,2007,0
223,2007,0.000983118008623829
224,2007,0.00115772358462773
227,2007,0
228,2007,0.017279135376436
231,2007,0.00145827211181382
232,2007,0.105382398034392
237,2007,0.0471053468127204
247,2007,0.0987389256919827
248,2007,0
249,2007,0.0756872032647523
1,2008,0
2,2008,0.0127846181142364
3,2008,0
4,2008,0
5,2008,0
6,2008,0.00353073621060829
7,2008,0
8,2008,0.0215859011734183
9,2008,0
10,2008,0.0295783183208691
11,2008,0
13,2008,0
14,2008,0.00081351281208597
15,2008,0.0454443104995896
16,2008,0
17,2008,0
18,2008,0.00207802994574269
19,2008,0.00182558059352522
20,2008,0
21,2008,0.00724768984992097
24,2008,0.000349352584804508
25,2008,0.000218186462645598
26,2008,0.0600657041941073
28,2008,0.0228445732801982
29,2008,0
30,2008,0.00628068809994242
31,2008,0
32,2008,0
33,2008,0.00026574946949065
34,2008,0
37,2008,0
38,2008,0
39,2008,0
40,2008,0
41,2008,0.00107798764723621
42,2008,0
43,2008,0
44,2008,0
45,2008,0
46,2008,0
47,2008,0.00270120955453446
48,2008,0
49,2008,0.0362595401416095
50,2008,0.0140077967372388
51,2008,0.00505820577530136
52,2008,0.00726231321676596
53,2008,0.00792511974020271
54,2008,0
55,2008,0.0576227760619732
56,2008,0
57,2008,0.0110083426197474
58,2008,0.0166616284037527
59,2008,0.00157493953572008
60,2008,0.00343296423161144
61,2008,0
62,2008,0.00881149569873063
63,2008,0
64,2008,0.00819087529514229
65,2008,0.00761532520846142
66,2008,0.0072427835205261
67,2008,0
68,2008,0
69,2008,0
70,2008,0
71,2008,0
72,2008,0
73,2008,0
74,2008,0
75,2008,0
76,2008,0.00249530409329179
77,2008,0.00387744773426246
78,2008,0.00391823010783143
79,2008,0
80,2008,0
81,2008,0
82,2008,0
84,2008,0.0110593477811231
85,2008,0.0130964196034189
86,2008,0.0375591819541908
88,2008,0.0305096932058465
89,2008,0
90,2008,0
92,2008,0
93,2008,0
94,2008,0
95,2008,0
96,2008,0.0095261556746401
97,2008,0
98,2008,0.0368242218266083
100,2008,0.0012273926422669
101,2008,0
102,2008,0
103,2008,0
104,2008,0.00078132583037116
106,2008,0.00321020329789135
107,2008,0
108,2008,0
110,2008,0
111,2008,0
112,2008,0
113,2008,0
114,2008,0.0116791386037073
115,2008,0
116,2008,0
117,2008,0
118,2008,0
119,2008,0.00147811351387261
120,2008,0
121,2008,0.00138632709109598
122,2008,0.00312780046487071
123,2008,0.0115318585354575
124,2008,0.0109809241579496
125,2008,0
126,2008,0
127,2008,0
129,2008,0.00429075696661496
130,2008,0
131,2008,0
132,2008,0
133,2008,0
134,2008,0
135,2008,0
136,2008,0
137,2008,0.00142727560834754
138,2008,0.0022893188316454
139,2008,0
140,2008,0.0270671825053124
141,2008,0
143,2008,0.00075060928851145
144,2008,0.0109549696078626
145,2008,0.0058087826934049
147,2008,0
148,2008,0.00888812310064457
149,2008,0.0601210774006309
150,2008,0
153,2008,0.00156545202080094
154,2008,0
155,2008,0
157,2008,0.119613626447795
158,2008,0
159,2008,0
161,2008,0.00174495737280866
162,2008,0
163,2008,0
164,2008,0.000674451550506827
166,2008,0.000302846313833482
167,2008,0
168,2008,0
169,2008,0
171,2008,0
172,2008,0
173,2008,0
174,2008,0
175,2008,0.00176260919013549
176,2008,0.00337317772428158
177,2008,0.00160033919505287
178,2008,0
179,2008,0.000279924274956822
180,2008,0.00101833385248096
181,2008,0
182,2008,0.00379327964855281
183,2008,0.00298118593382701
184,2008,0
186,2008,0
187,2008,0
188,2008,0.0114516261937329
189,2008,0
190,2008,0
191,2008,0
192,2008,0.00707198787261532
193,2008,0
194,2008,0
195,2008,0.00335361926606159
196,2008,0.900752084551493
197,2008,0.00908296390673091
198,2008,0.0525519285861321
199,2008,0
200,2008,0.0131994797972341
202,2008,0.00176149765210865
203,2008,0.00799837573759776
204,2008,0.0150558663381996
205,2008,0.0120402515966681
206,2008,0.00550297914747677
207,2008,0.0120265195898068
208,2008,0.0148421085157767
209,2008,0.0132916056103967
210,2008,0.0151703703291727
212,2008,0.0136646326623453
214,2008,0
216,2008,0.000225071323185611
218,2008,0
219,2008,0
220,2008,0.0259584653738186
221,2008,0
222,2008,0
223,2008,0.000773768925273255
224,2008,0.0012271774234176
227,2008,0.000300911926830905
228,2008,0.00965595238161754
231,2008,0.000930919430190635
232,2008,0.157067020551955
237,2008,0.0500468176273797
247,2008,0.0122185798630436
248,2008,0
249,2008,0.0437438304874318
1,2009,0
2,2009,0.00227197509014276
3,2009,0
4,2009,0
5,2009,0
6,2009,0.0154178502774343
7,2009,0.000147022581265088
8,2009,0.0181005191573858
9,2009,0
10,2009,0.0291562167315206
11,2009,0
13,2009,0
14,2009,0.000870395424518389
15,2009,0.0484368424604696
16,2009,0
17,2009,0
18,2009,0.00138322090511578
19,2009,0.00356100035553164
20,2009,0
21,2009,0.0081357421835685
24,2009,0.001310012066845
25,2009,0
26,2009,0.0661417199574472
28,2009,0.0480619699281084
29,2009,0
30,2009,0.00609830802880884
31,2009,0
32,2009,0
33,2009,0
34,2009,0
37,2009,0
38,2009,0
39,2009,0.00141319665080908
40,2009,0
41,2009,0.00196696316854927
42,2009,0
43,2009,0
44,2009,0
45,2009,0
46,2009,0.00413328351765496
47,2009,0.00401704712924444
48,2009,0.000111995674764165
49,2009,0.0301993586104774
50,2009,0.0128337884232571
51,2009,0.00465371712233564
52,2009,0.00276522781796962
53,2009,0.00768966039798991
54,2009,0
55,2009,0.0493797812736587
56,2009,0
57,2009,0.0065161871114614
58,2009,0.0144804931275699
59,2009,0.0082993677366231
60,2009,0.00509630989159349
61,2009,0
62,2009,0.0101298304296833
63,2009,0
64,2009,0.008176396979797
65,2009,0.00725101563109032
66,2009,0.00953255428959621
67,2009,0
68,2009,0
69,2009,0
70,2009,0
71,2009,0
72,2009,0
73,2009,0
74,2009,0
75,2009,0
76,2009,0.00446330651205651
77,2009,0.00224529796877027
78,2009,0.00621011694840112
79,2009,0
80,2009,0
81,2009,0
82,2009,0
84,2009,0.00767448495153189
85,2009,0.0531472999271406
86,2009,0.0204452348221053
88,2009,0.0470975114285367
89,2009,0
90,2009,0
92,2009,0
93,2009,0
94,2009,0
95,2009,0
96,2009,0.00901861286011163
97,2009,0
98,2009,0.0406657800931388
100,2009,0.00200248684786475
101,2009,0
102,2009,0
103,2009,0
104,2009,0
106,2009,0.000774198941998927
107,2009,0
108,2009,0
110,2009,0
111,2009,0
112,2009,0
113,2009,0
114,2009,0.0120654987373388
115,2009,0
116,2009,0
117,2009,0
118,2009,0
119,2009,0.00148343746954949
120,2009,0
121,2009,0
122,2009,0.00349209449862353
123,2009,0.00324634891276232
124,2009,0.0117077045162884
125,2009,0
126,2009,0
127,2009,0
129,2009,0.0045975807619818
130,2009,0
131,2009,0
132,2009,0.000398929146298466
133,2009,0
134,2009,0
135,2009,0
136,2009,0
137,2009,0.0038916154204639
138,2009,0.0038886011852054
139,2009,0
140,2009,0.0218196732635441
141,2009,0
143,2009,0.00190293429853505
144,2009,0.00643119262799197
145,2009,0.0060564376227108
147,2009,0
148,2009,0.00477996336691744
149,2009,0.0290426971704
150,2009,0
153,2009,0.00201049372996187
154,2009,0
155,2009,0
157,2009,0.0947103482867762
158,2009,0
159,2009,0
161,2009,0.00226425784079665
162,2009,0
163,2009,0
164,2009,0.00291170754632841
166,2009,0.000870926385764137
167,2009,0
168,2009,0
169,2009,0
171,2009,0
172,2009,0
173,2009,0
174,2009,0
175,2009,0.00288255173910656
176,2009,0.00513064387217033
177,2009,0.00346045308578857
178,2009,0
179,2009,0.000632282681924057
180,2009,0.0011847095023384
181,2009,0
182,2009,0.000808808239797787
183,2009,0.00912530320328608
184,2009,0
186,2009,0
187,2009,0
188,2009,0.0128659116748346
189,2009,0
190,2009,0
191,2009,0
192,2009,0.00709993809005238
193,2009,0
194,2009,0
195,2009,0.00459380124730024
196,2009,0.921665927170556
197,2009,0.00941939613960208
198,2009,0.0527377291791158
199,2009,0
200,2009,0.0134113072609526
202,2009,0.00218198809973924
203,2009,0.0074594887109376
204,2009,0.0170779780824593
205,2009,0.0104873822354097
206,2009,0.00712127648713801
207,2009,0.0127077676279846
208,2009,0.012589727282601
209,2009,0.0136225429822476
210,2009,0.0139009656491342
212,2009,0.0159277452024785
214,2009,0
216,2009,0.00012043895645919
218,2009,0
219,2009,0
220,2009,0.076489381223394
221,2009,0
222,2009,0
223,2009,0.00037707096623818
224,2009,0.00293050758588198
227,2009,0.000645723737546011
228,2009,0.0200110695498766
231,2009,0.00141519231518994
232,2009,0.0989571454040929
237,2009,0.0314576394143764
247,2009,0.0587238426033779
248,2009,0
249,2009,0.091053883099413
1,2010,0.000314594401669033
2,2010,0.0020147189921641
3,2010,0
4,2010,0
5,2010,0
6,2010,0.0122461015335257
7,2010,0
8,2010,0.0211718473382264
9,2010,0
10,2010,0.0277824958445337
11,2010,0
13,2010,0
14,2010,0.00162816735232651
15,2010,0.0486359746489288
16,2010,0
17,2010,0
18,2010,0.00181954140187535
19,2010,0.00493581606595417
20,2010,0
21,2010,0.00784117550933816
24,2010,0.00266423191578768
25,2010,0
26,2010,0.0624727894355106
28,2010,0.0715206608512617
29,2010,0.00120817525877881
30,2010,0.0081722136682878
31,2010,0
32,2010,0
33,2010,0.00677510272219517
34,2010,0
37,2010,0
38,2010,0
39,2010,0.000819811345031396
40,2010,0.00274945636728763
41,2010,0.000643802818691697
42,2010,0
43,2010,0
44,2010,0
45,2010,0
46,2010,0.00199447807194209
47,2010,0.00323940430149539
48,2010,0
49,2010,0.015546734090949
50,2010,0.0162079295950639
51,2010,0.002135919031099
52,2010,0.0134835953787151
53,2010,0.00754250929753064
54,2010,0
55,2010,0.0717628270985329
56,2010,0
57,2010,0.0116144952296797
58,2010,0.0199791311453265
59,2010,0.00135995424576119
60,2010,0.0263859772921874
61,2010,0
62,2010,0.0061157413695434
63,2010,0
64,2010,0.00912229622008542
65,2010,0.00826322016937386
66,2010,0.00726889006476494
67,2010,0
68,2010,0
69,2010,0
70,2010,0
71,2010,0
72,2010,0
73,2010,0
74,2010,0
75,2010,0
76,2010,0.00133630758356273
77,2010,0.00269524399124088
78,2010,0.0063496087273609
79,2010,0
80,2010,0
81,2010,0
82,2010,0
84,2010,0.00644057052098179
85,2010,0
86,2010,0.00462742339991218
88,2010,0.0360597769462204
89,2010,0
90,2010,0
92,2010,0
93,2010,0
94,2010,0
95,2010,0
96,2010,0.00920105429042584
97,2010,0
98,2010,0.0399677360101687
100,2010,0.00301361466984207
101,2010,0
102,2010,0
103,2010,0
104,2010,0.00649884489779751
106,2010,0.000143929480459271
107,2010,0
108,2010,0
110,2010,0
111,2010,0
112,2010,0
113,2010,0
114,2010,0.0115199738970393
115,2010,0
116,2010,0
117,2010,0
118,2010,0
119,2010,0.00286918612653542
120,2010,0
121,2010,0
122,2010,0.00376820595733829
123,2010,0.0028761815113707
124,2010,0.0101054312065424
125,2010,0
126,2010,0
127,2010,0
129,2010,0.00130185074378253
130,2010,0
131,2010,0
132,2010,0
133,2010,0
134,2010,0
135,2010,0
136,2010,0
137,2010,0.000640167817082649
138,2010,0.00382189435125913
139,2010,0
140,2010,0.0190702360624327
141,2010,0.00015559625380146
143,2010,0.00113929017178549
144,2010,0.00789849318459268
145,2010,0.0044396699802014
147,2010,0
148,2010,0.00497393433375293
149,2010,0.0490908191504902
150,2010,0
153,2010,0.00303829302632008
154,2010,0
155,2010,0
157,2010,0.0819162458757975
158,2010,0
159,2010,0
161,2010,0.00257904758189487
162,2010,0
163,2010,0
164,2010,0.00587010698922952
166,2010,0.00100353957084987
167,2010,0
168,2010,0
169,2010,0
171,2010,0
172,2010,0
173,2010,0
174,2010,0
175,2010,0.00199790721807702
176,2010,0.00218892524451386
177,2010,0.00324174227187612
178,2010,0
179,2010,0.0014132572952168
180,2010,0.00227458009229842
181,2010,0
182,2010,0.00365697004765653
183,2010,0.00409333668301937
184,2010,0
186,2010,0
187,2010,0
188,2010,0
189,2010,0
190,2010,0
191,2010,0
192,2010,0.00554681802616186
193,2010,0
194,2010,0
195,2010,0.00119576260383769
196,2010,0.929331539233383
197,2010,0.0112004444473363
198,2010,0.0456207758133047
199,2010,0
200,2010,0.0147799651352679
202,2010,0.0055251146040165
203,2010,0.00780298958897396
204,2010,0.0182047051124284
205,2010,0.00972933749766769
206,2010,0.0073469670189783
207,2010,0.0137638276801134
208,2010,0.0216969138306061
209,2010,0.0133724361469636
210,2010,0.0144811447685362
212,2010,0.0100806059424413
214,2010,0.000204132419567071
216,2010,0.000708734645622378
218,2010,0
219,2010,0
220,2010,0.0193920125263951
221,2010,0
222,2010,0
223,2010,0.00143082787774129
224,2010,0.000114259821231588
227,2010,0.00135031177748068
228,2010,0.0312117602250305
231,2010,0.00233984370329732
232,2010,0.0934342041699511
237,2010,0.0447832175105087
247,2010,0.0167884044063165
248,2010,0
249,2010,0.082482658404221
1,2011,0
2,2011,0.000665853760281609
3,2011,0
4,2011,0
5,2011,0
6,2011,0.0105272127509772
7,2011,0
8,2011,0.0229336975208485
9,2011,0.000147601203571712
10,2011,0.0246572585054996
11,2011,0
13,2011,0
14,2011,0.00238462065988099
15,2011,0.0483137459379752
16,2011,0
17,2011,0
18,2011,0.0011489797798
19,2011,0.00647224067712326
20,2011,0
21,2011,0.00781084795794662
24,2011,0.00418372374234366
25,2011,0.0000582709429911565
26,2011,0.0747302730180965
28,2011,0.0311723791635653
29,2011,0.000531834333710623
30,2011,0.00461944743853315
31,2011,0
32,2011,0
33,2011,0
34,2011,0
37,2011,0
38,2011,0
39,2011,0.00128442526773698
40,2011,0.000438630145662922
41,2011,0.00182142663662987
42,2011,0
43,2011,0
44,2011,0
45,2011,0
46,2011,0.000209786772554788
47,2011,0.00771363232836919
48,2011,0
49,2011,0.0199744761847349
50,2011,0.0133967668321148
51,2011,0.00335309688433039
52,2011,0.0114048295774689
53,2011,0.00772552718212416
54,2011,0
55,2011,0.0746176528056065
56,2011,0
57,2011,0.013197634324904
58,2011,0.0128695291437412
59,2011,0
60,2011,0.00104153926420414
61,2011,0
62,2011,0.00592609000748756
63,2011,0
64,2011,0.00896709915637417
65,2011,0.00467605430887141
66,2011,0.00903755901108261
67,2011,0
68,2011,0
69,2011,0
70,2011,0
71,2011,0
72,2011,0
73,2011,0
74,2011,0
75,2011,0
76,2011,0.00248390383156105
77,2011,0.00438835854082598
78,2011,0.00567815212830214
79,2011,0
80,2011,0
81,2011,0
82,2011,0
84,2011,0.00811841239181588
85,2011,0.0401281250255308
86,2011,0.0177815200328226
88,2011,0.00591714544442301
89,2011,0
90,2011,0
92,2011,0
93,2011,0
94,2011,0
95,2011,0
96,2011,0.00989117093521374
97,2011,0
98,2011,0.0403506016911239
100,2011,0.00442591794353775
101,2011,0
102,2011,0
103,2011,0
104,2011,0.00351980831185117
106,2011,0.00184741870810734
107,2011,0
108,2011,0
110,2011,0
111,2011,0
112,2011,0
113,2011,0
114,2011,0.0160915762500737
115,2011,0
116,2011,0
117,2011,0
118,2011,0
119,2011,0.00281143607704426
120,2011,0
121,2011,0.00208277784754263
122,2011,0.00727872567389964
123,2011,0.00543137088804246
124,2011,0.00371698518933661
125,2011,0
126,2011,0
127,2011,0
129,2011,0
130,2011,0
131,2011,0
132,2011,0
133,2011,0
134,2011,0
135,2011,0
136,2011,0
137,2011,0.00156354269688341
138,2011,0.00757519844897669
139,2011,0
140,2011,0.0159239950125662
141,2011,0
143,2011,0.0000307955311877883
144,2011,0.0183888919444002
145,2011,0.00387286297900735
147,2011,0
148,2011,0.00425719257048784
149,2011,0.0169967036071996
150,2011,0
153,2011,0.00241975597542643
154,2011,0
155,2011,0
157,2011,0.0979365398764307
158,2011,0
159,2011,0
161,2011,0.00253981450668239
162,2011,0
163,2011,0
164,2011,0.00418319092545416
166,2011,0.00226678776375511
167,2011,0
168,2011,0
169,2011,0
171,2011,0
172,2011,0
173,2011,0
174,2011,0
175,2011,0.00634610750784503
176,2011,0.00369386545789019
177,2011,0.00531998244926435
178,2011,0
179,2011,0.00233635497278251
180,2011,0.00197932880544183
181,2011,0
182,2011,0.00363603456311457
183,2011,0.00186313020720363
184,2011,0
186,2011,0
187,2011,0
188,2011,0.000636531287149911
189,2011,0
190,2011,0
191,2011,0
192,2011,0.00587329643642032
193,2011,0
194,2011,0
195,2011,0.00498717148908701
196,2011,0.939633411284106
197,2011,0.0133169342388559
198,2011,0.0499649401865556
199,2011,0.000664618125177152
200,2011,0.0119768125930401
202,2011,0.00406262194578133
203,2011,0.00821119529538117
204,2011,0.0158125979699573
205,2011,0.009510562915092
206,2011,0.00614340927499946
207,2011,0.0140810695312398
208,2011,0.0566955436982264
209,2011,0.0149617043661259
210,2011,0.0121299072790657
212,2011,0.0110254115666302
214,2011,0
216,2011,0.000707857153452673
218,2011,0
219,2011,0
220,2011,0.0288900390053749
221,2011,0
222,2011,0
223,2011,0.00123078019859513
224,2011,0.00176262731282195
227,2011,0
228,2011,0.0140416220850078
231,2011,0.00209469699240761
232,2011,0.138810414801187
237,2011,0.0821182402413164
247,2011,0.0138758703243511
248,2011,0
249,2011,0.0536354219250258
1,2012,0
2,2012,0.00962955371270913
3,2012,0
4,2012,0
5,2012,0
6,2012,0.0127911029877821
7,2012,0
8,2012,0.0212186883495044
9,2012,0.000393595528232482
10,2012,0.0276333665431304
11,2012,0.000283912311617396
13,2012,0
14,2012,0.00155876523380949
15,2012,0.045608823059729
16,2012,0
17,2012,0
18,2012,0.00100046825116229
19,2012,0.00637785242324107
20,2012,0
21,2012,0.00789375271027948
24,2012,0
25,2012,0.00066192589220726
26,2012,0.0783800766664984
28,2012,0.0278779471813568
29,2012,0.000413239727604431
30,2012,0.00845486847077626
31,2012,0
32,2012,0
33,2012,0
34,2012,0
37,2012,0
38,2012,0
39,2012,0.000697363725261191
40,2012,0.00140639587893487
41,2012,0.00269935589404879
42,2012,0
43,2012,0
44,2012,0
45,2012,0
46,2012,0.00361105747474999
47,2012,0.00467671698911776
48,2012,0.000202701703866159
49,2012,0.0282828731488742
50,2012,0.0107187144012428
51,2012,0.0042820941252939
52,2012,0.0028416620591134
53,2012,0.00865885958987844
54,2012,0
55,2012,0.0156183559080171
56,2012,0
57,2012,0.0281056965552975
58,2012,0.0296683554683976
59,2012,0.000036431006780524
60,2012,0.00974809435967638
61,2012,0
62,2012,0.00390457375263142
63,2012,0
64,2012,0.0134058599264503
65,2012,0.00666163033173961
66,2012,0.00795157902359689
67,2012,0
68,2012,0
69,2012,0
70,2012,0
71,2012,0
72,2012,0
73,2012,0
74,2012,0
75,2012,0
76,2012,0.00348214492750876
77,2012,0.00247881878172418
78,2012,0.0145489344663966
79,2012,0
80,2012,0
81,2012,0
82,2012,0
84,2012,0.00823464448911915
85,2012,0.00143796541655483
86,2012,0.00763626276074492
88,2012,0.0213375976426076
89,2012,0
90,2012,0
92,2012,0
93,2012,0
94,2012,0
95,2012,0
96,2012,0.00892618819321855
97,2012,0
98,2012,0.0307367024925692
100,2012,0.00295039622869364
101,2012,0
102,2012,0
103,2012,0
104,2012,0.00152634622646541
106,2012,0.00237376177997684
107,2012,0
108,2012,0
110,2012,0
111,2012,0
112,2012,0
113,2012,0
114,2012,0.0151743819770724
115,2012,0
116,2012,0
117,2012,0
118,2012,0
119,2012,0.0010966001355005
120,2012,0
121,2012,0.00778451719846773
122,2012,0.00329929250087624
123,2012,0.00506311860790876
124,2012,0.00157255712567794
125,2012,0
126,2012,0
127,2012,0
129,2012,0
130,2012,0
131,2012,0
132,2012,0
133,2012,0
134,2012,0
135,2012,0
136,2012,0
137,2012,0.000510701155754023
138,2012,0.00337719421226668
139,2012,0
140,2012,0.010077950883984
141,2012,0
143,2012,0.000767729066974532
144,2012,0.0152417702795513
145,2012,0.00359865975266982
147,2012,0
148,2012,0.00732770871822297
149,2012,0.0132948888788184
150,2012,0
153,2012,0.00397293450980085
154,2012,0
155,2012,0
157,2012,0.0903074201593603
158,2012,0
159,2012,0
161,2012,0.0027451127343876
162,2012,0
163,2012,0
164,2012,0.00328315893128006
166,2012,0.000152649277442962
167,2012,0
168,2012,0
169,2012,0
171,2012,0
172,2012,0
173,2012,0
174,2012,0
175,2012,0
176,2012,0.00119173994208654
177,2012,0.000571171336581022
178,2012,0
179,2012,0.000341157996709307
180,2012,0.000316974070545095
181,2012,0
182,2012,0.000220971633832945
183,2012,0.0227350100794341
184,2012,0
186,2012,0
187,2012,0
188,2012,0
189,2012,0.00413506757902837
190,2012,0
191,2012,0
192,2012,0.0135626303442621
193,2012,0
194,2012,0
195,2012,0.00443692107673577
196,2012,0.958433046484466
197,2012,0.0163036520817428
198,2012,0.0472687834036444
199,2012,0
200,2012,0.0123847491813904
202,2012,0.00491739322131157
203,2012,0.00893883063987733
204,2012,0.0183595711701758
205,2012,0.00957116945546765
206,2012,0.00595379482214664
207,2012,0.0151812252368111
208,2012,0.0147494730497129
209,2012,0.0167414116532572
210,2012,0.0120610681360021
212,2012,0.0149149878097381
214,2012,0
216,2012,0.000695926236648159
218,2012,0
219,2012,0
220,2012,0.0365515421548157
221,2012,0
222,2012,0
223,2012,0.00152430774025769
224,2012,0
227,2012,0
228,2012,0.0102976546147741
231,2012,0.00322774175391316
232,2012,0.118764862264285
237,2012,0.0268057737080972
247,2012,0.0214709611060614
248,2012,0
249,2012,0.0412200446041974
1,2013,0
2,2013,0.00184762029122509
3,2013,0
4,2013,0
5,2013,0
6,2013,0.0108740260467367
7,2013,0
8,2013,0.0201445713101254
9,2013,0.000618275790739253
10,2013,0.0257162970320177
11,2013,0.000118399995740814
13,2013,0
14,2013,0.00149379802728633
15,2013,0.040928589985129
16,2013,0
17,2013,0
18,2013,0.0010402618771107
19,2013,0.00609055803562197
20,2013,0
21,2013,0.00733886876310397
24,2013,0.00448014253586904
25,2013,0
26,2013,0.0841001803823902
28,2013,0.0334312127602744
29,2013,0
30,2013,0.0064916852506921
31,2013,0
32,2013,0
33,2013,0
34,2013,0
37,2013,0
38,2013,0
39,2013,0
40,2013,0.00154816511199452
41,2013,0.00264825300884364
42,2013,0
43,2013,0
44,2013,0
45,2013,0
46,2013,0.00146332758355661
47,2013,0.00517277225127044
48,2013,0.00123807701804024
49,2013,0.0233234388424668
50,2013,0.0136194246996658
51,2013,0.0117311823548241
52,2013,0.00508549783149226
53,2013,0.00853007391514038
54,2013,0
55,2013,0.0051373304579484
56,2013,0
57,2013,0.00715455424856004
58,2013,0.0183476344782997
59,2013,0.00434512158318423
60,2013,0.000174122455021242
61,2013,0
62,2013,0.0079439429067093
63,2013,0
64,2013,0.00902285018757243
65,2013,0.00590462566277261
66,2013,0.0102591541850604
67,2013,0
68,2013,0
69,2013,0
70,2013,0
71,2013,0
72,2013,0
73,2013,0
74,2013,0
75,2013,0
76,2013,0.00310527512379899
77,2013,0.00353874012105238
78,2013,0.0108495264129121
79,2013,0
80,2013,0
81,2013,0.00448644501229001
82,2013,0
84,2013,0.00653270335065148
85,2013,0.0195014131992969
86,2013,0.00976539467105741
88,2013,0.0437210009287907
89,2013,0
90,2013,0
92,2013,0
93,2013,0
94,2013,0
95,2013,0
96,2013,0.00973403644815818
97,2013,0
98,2013,0.0244451375067504
100,2013,0.000451474926991824
101,2013,0
102,2013,0
103,2013,0
104,2013,0.00439262922362127
106,2013,0.00171410037510211
107,2013,0
108,2013,0
110,2013,0
111,2013,0
112,2013,0
113,2013,0
114,2013,0.0125056341874576
115,2013,0
116,2013,0
117,2013,0
118,2013,0
119,2013,0.00269345610361194
120,2013,0
121,2013,0.00437932583854006
122,2013,0.00165426153045345
123,2013,0
124,2013,0.0096680952218644
125,2013,0
126,2013,0
127,2013,0
129,2013,0.0039967108339819
130,2013,0
131,2013,0
132,2013,0
133,2013,0
134,2013,0
135,2013,0
136,2013,0
137,2013,0.000420926835300262
138,2013,0.00451395585707559
139,2013,0
140,2013,0.0142532433081072
141,2013,0
143,2013,0
144,2013,0.0119562958730928
145,2013,0.00395670868936604
147,2013,0
148,2013,0.00836673301447177
149,2013,0.0129927221929729
150,2013,0
153,2013,0.0033016791165934
154,2013,0
155,2013,0
157,2013,0.0696858842813443
158,2013,0
159,2013,0
161,2013,0.00274706295421645
162,2013,0
163,2013,0
164,2013,0.00355393315539621
166,2013,0.00133294085297264
167,2013,0
168,2013,0
169,2013,0
171,2013,0
172,2013,0
173,2013,0
174,2013,0
175,2013,0.00123572192586574
176,2013,0.00182791285621087
177,2013,0.00136192300757343
178,2013,0
179,2013,0.00169275545369518
180,2013,0.0009943387124276
181,2013,0
182,2013,0.000696464068645319
183,2013,0.00642332193488404
184,2013,0
186,2013,0
187,2013,0
188,2013,0
189,2013,0
190,2013,0
191,2013,0
192,2013,0.00942108938335617
193,2013,0
194,2013,0.000260189333389671
195,2013,0.0069099188176116
196,2013,0.981782491195963
197,2013,0.0185688306169304
198,2013,0.0538680861412393
199,2013,0
200,2013,0.0125356608678946
202,2013,0.00566306451531928
203,2013,0.00802210339970777
204,2013,0.0168047954971475
205,2013,0.00937558362601676
206,2013,0.00614504223953949
207,2013,0.0147147014896648
208,2013,0.0143266318445352
209,2013,0.0157176180964191
210,2013,0.0118127763522295
212,2013,0.11258098716802
214,2013,0
216,2013,0.000768925641407403
218,2013,0
219,2013,0
220,2013,0.0198242969423039
221,2013,0
222,2013,0
223,2013,0.000588838749615905
224,2013,0
227,2013,0.0000807940994860257
228,2013,0.0131251421332569
231,2013,0.00841664447611101
232,2013,0.119068733751732
237,2013,0.0402650349218823
247,2013,0.0564004828924558
248,2013,0
249,2013,0.0617500756065734
1,2014,0
2,2014,0.0116018530017963
3,2014,0
4,2014,0
5,2014,0
6,2014,0.00836769965091444
7,2014,0
8,2014,0.0207480755584386
9,2014,0.00102464352201526
10,2014,0.0275477514199834
11,2014,0.000240584380257758
13,2014,0
14,2014,0.00250680109946277
15,2014,0.0425588840583927
16,2014,0
17,2014,0
18,2014,0.00188037146104125
19,2014,0.00625193742749885
20,2014,0
21,2014,0.00751603448720983
24,2014,0.00306257360852191
25,2014,0
26,2014,0.0883785093955913
28,2014,0
29,2014,0
30,2014,0.00333299912161567
31,2014,0
32,2014,0.000172324579277072
33,2014,0.00245322200050668
34,2014,0
37,2014,0
38,2014,0
39,2014,0
40,2014,0.0042171894812244
41,2014,0.00453753181344774
42,2014,0
43,2014,0
44,2014,0
45,2014,0
46,2014,0.00319760224379495
47,2014,0.00327143274016417
48,2014,0.00107771481164587
49,2014,0.0205575561402961
50,2014,0.0127517970182466
51,2014,0.00862521032558827
52,2014,0.00820064610890248
53,2014,0.00795144807814474
54,2014,0
55,2014,0.0187674233799446
56,2014,0.00127839554007281
57,2014,0.0552622611144639
58,2014,0.0361468426245449
59,2014,0
60,2014,0.0366511945869368
61,2014,0
62,2014,0.00711792577120851
63,2014,0
64,2014,0.0082691617679681
65,2014,0.00786070444962617
66,2014,0.011146609399497
67,2014,0
68,2014,0
69,2014,0
70,2014,0
71,2014,0
72,2014,0
73,2014,0
74,2014,0
75,2014,0
76,2014,0.000311424613551936
77,2014,0.00140221485862546
78,2014,0.011400687552472
79,2014,0.00343316605432076
80,2014,0
81,2014,0
82,2014,0
84,2014,0.00563092042869129
85,2014,0
86,2014,0.00370619014170803
88,2014,0.00937193623101795
89,2014,0
90,2014,0
92,2014,0
93,2014,0
94,2014,0
95,2014,0
96,2014,0.00789967917622592
97,2014,0
98,2014,0.0648966773524678
100,2014,0.000744318860802395
101,2014,0
102,2014,0
103,2014,0.00060894186439886
104,2014,0.00393047314230788
106,2014,0.00213663453043245
107,2014,0
108,2014,0
110,2014,0
111,2014,0
112,2014,0
113,2014,0
114,2014,0.0146428851483245
115,2014,0
116,2014,0
117,2014,0
118,2014,0
119,2014,0
120,2014,0
121,2014,0.000503102796829524
122,2014,0.0041413642315975
123,2014,0.00221225686049342
124,2014,0.00914581707898521
125,2014,0
126,2014,0
127,2014,0
129,2014,0
130,2014,0
131,2014,0
132,2014,0
133,2014,0
134,2014,0
135,2014,0
136,2014,0
137,2014,0.00171510408184994
138,2014,0.00726782466737941
139,2014,0
140,2014,0.0143693515088901
141,2014,0
143,2014,0
144,2014,0.00653934544361701
145,2014,0.00432035125450492
147,2014,0
148,2014,0.00641816871819401
149,2014,0.0253482430288351
150,2014,0
153,2014,0.000341329682106428
154,2014,0
155,2014,0
157,2014,0.114590316188171
158,2014,0
159,2014,0
161,2014,0.00240137726069078
162,2014,0
163,2014,0
164,2014,0.00218798236727447
166,2014,0.0000376013428136091
167,2014,0
168,2014,0
169,2014,0
171,2014,0
172,2014,0.000110230959569302
173,2014,0
174,2014,0
175,2014,0.00276086121038865
176,2014,0.00242171340849551
177,2014,0.00211638153180937
178,2014,0
179,2014,0.00450330872638283
180,2014,0.000640033256885331
181,2014,0
182,2014,0.00272235615226735
183,2014,0.00449238707400179
184,2014,0
186,2014,0
187,2014,0
188,2014,0
189,2014,0
190,2014,0
191,2014,0
192,2014,0.0591128120698349
193,2014,0
194,2014,0
195,2014,0.00872275954066781
196,2014,1
197,2014,0.0221747206898455
198,2014,0.0482379080999951
199,2014,0
200,2014,0.0117949815281531
202,2014,0.00486391700037314
203,2014,0.00818635739843077
204,2014,0.0161621571765426
205,2014,0.0101137579540165
206,2014,0.00687518308876922
207,2014,0.016106636418792
208,2014,0.0229062210066114
209,2014,0.0170636921506181
210,2014,0.0119951197872082
212,2014,0.0166436185564919
214,2014,0
216,2014,0.00122202520659587
218,2014,0
219,2014,0
220,2014,0.011081317722573
221,2014,0
222,2014,0
223,2014,0.000500466515897524
224,2014,0
227,2014,0
228,2014,0.0101474850196926
231,2014,0.00384843400875468
232,2014,0.148185183407863
237,2014,0.0448280522895803
247,2014,0.0158726965160793
248,2014,0
249,2014,0.0285737475053646
1,2015,0
2,2015,0.0265372409410192
3,2015,0
4,2015,0
5,2015,0
6,2015,0.00251810084531023
7,2015,0
8,2015,0.0211828118097994
9,2015,0.0013922280597557
10,2015,0.0175329441635431
11,2015,0.000427660968962518
13,2015,0
14,2015,0.00173285353982178
15,2015,0.0399862449960161
16,2015,0
17,2015,0
18,2015,0.00129320710660352
19,2015,0.00380444362146382
20,2015,0
21,2015,0.00791279709038295
24,2015,0.00298156601369137
25,2015,0.000516300215470111
26,2015,0.0779900248573716
28,2015,0.00228062978757981
29,2015,0
30,2015,0.00601021487121856
31,2015,0
32,2015,0
33,2015,0.00332568583071202
34,2015,0
37,2015,0
38,2015,0
39,2015,0
40,2015,0.00418624929550881
41,2015,0.00570808503946962
42,2015,0
43,2015,0
44,2015,0
45,2015,0
46,2015,0.0106085486015187
47,2015,0.00212618616419324
48,2015,0.00200978957158626
49,2015,0.0179997118774858
50,2015,0.0108062624133608
51,2015,0.00512226441370012
52,2015,0.00660708138238875
53,2015,0.00939957277727488
54,2015,0
55,2015,0.0134071746202196
56,2015,0
57,2015,0.0197976237881409
58,2015,0.0161414798176091
59,2015,0
60,2015,0.0103778096500993
61,2015,0
62,2015,0.00939422665637935
63,2015,0
64,2015,0.0117172123882857
65,2015,0.00573144756210298
66,2015,0.00786587554501883
67,2015,0
68,2015,0
69,2015,0
70,2015,0
71,2015,0
72,2015,0
73,2015,0
74,2015,0
75,2015,0
76,2015,0.0020001835428507
77,2015,0.00164679979307325
78,2015,0.00119844645567069
79,2015,0
80,2015,0
81,2015,0
82,2015,0
84,2015,0.0046400118520642
85,2015,0.000675089259620787
86,2015,0.000950650953291388
88,2015,0.0065244345377774
89,2015,0
90,2015,0
92,2015,0
93,2015,0
94,2015,0
95,2015,0
96,2015,0.00839578635400984
97,2015,0
98,2015,0.032308515653575
100,2015,0
101,2015,0
102,2015,0
103,2015,0
104,2015,0.00971537616129892
106,2015,0.00143396357867898
107,2015,0
108,2015,0
110,2015,0
111,2015,0
112,2015,0
113,2015,0
114,2015,0.0140380028859732
115,2015,0
116,2015,0
117,2015,0
118,2015,0
119,2015,0.00154088371422745
120,2015,0
121,2015,0
122,2015,0.00200294064425854
123,2015,0.00533104558185393
124,2015,0.00733238248677659
125,2015,0
126,2015,0
127,2015,0
129,2015,0
130,2015,0
131,2015,0
132,2015,0
133,2015,0
134,2015,0
135,2015,0
136,2015,0
137,2015,0.00140435397288907
138,2015,0.00402386057820858
139,2015,0
140,2015,0.00760975793171725
141,2015,0
143,2015,0
144,2015,0.0407456056121236
145,2015,0
147,2015,0
148,2015,0.0110182516027325
149,2015,0.0250694304082921
150,2015,0
153,2015,0
154,2015,0
155,2015,0
157,2015,0.11150523468252
158,2015,0
159,2015,0
161,2015,0.00234077710364045
162,2015,0
163,2015,0
164,2015,0.00182472047684379
166,2015,0.00106923301820028
167,2015,0
168,2015,0
169,2015,0
171,2015,0
172,2015,0.00034908242961762
173,2015,0.00141167560341215
174,2015,0
175,2015,0.0023323710514751
176,2015,0.00249481589843847
177,2015,0.000981996317889533
178,2015,0
179,2015,0.000359067877436337
180,2015,0.000453452312008773
181,2015,0
182,2015,0.00325925859936638
183,2015,0.00479156638012623
184,2015,0
186,2015,0
187,2015,0
188,2015,0.000572389251672467
189,2015,0.00183046768889816
190,2015,0
191,2015,0
192,2015,0.010611782770592
193,2015,0
194,2015,0
195,2015,0.00628577727549318
196,2015,0.994018421494629
197,2015,0.0254689162599712
198,2015,0.061402185681357
199,2015,0
200,2015,0.00979836712822768
202,2015,0.00459088099252924
203,2015,0.00836123926196952
204,2015,0.0167682204785352
205,2015,0.00996469151622004
206,2015,0.00568557894371546
207,2015,0.016847285805682
208,2015,0.0623736467571886
209,2015,0.017069915355418
210,2015,0.00809538506609764
212,2015,0.06990018627571
214,2015,0
216,2015,0.00130143537039484
218,2015,0
219,2015,0
220,2015,0.0258807609417167
221,2015,0
222,2015,0
223,2015,0.00320636226702598
224,2015,0
227,2015,0
228,2015,0.124997975016977
231,2015,0.00322196897262816
232,2015,0.112083958201794
237,2015,0.0547258044841961
247,2015,0.0158312939018972
248,2015,0
249,2015,0.0472281611090979
