zone,human_count_2000_mol,human_count_2001_mol,human_count_2002_mol,human_count_2003_mol,human_count_2004_mol,human_count_2005_mol,human_count_2006_mol,human_count_2007_mol,human_count_2008_mol,human_count_2009_mol,human_count_2010_mol,human_count_2011_mol,human_count_2012_mol,human_count_2013_mol,human_count_2014_mol,human_count_2015_mol,human_count_2016_mol,human_count_2017_mol,human_count_2018_mol,human_count_2019_mol,human_count_2020_mol
1,7091.069301605225,7176.769458770752,7262.469524383545,7348.169807434082,7433.869873046875,7519.570743560791,7658.654750823975,7797.738220214844,7936.822177886963,8075.906318664551,8214.990325927734,8347.791431427002,8480.593208312988,8613.39436340332,8746.195468902588,8878.996574401855,8998.489200592041,9117.982364654541,9237.474143981934,9356.96677017212,9476.4592628479
2,5055.138541862369,5117.828741662204,5180.518942635506,5243.209325805306,5305.89951377362,5368.589912138879,5469.634200170636,5570.67892832309,5671.723554760218,5772.767800599337,5873.812330618501,5970.65651897341,6067.500096805394,6164.344200111926,6261.1877797320485,6358.031968288124,6445.617439687252,6533.202717989683,6620.78834669292,6708.373607710004,6795.95918084681
3,7220.313365936279,7217.661796569824,7215.010227203369,7212.358493804932,7209.707004547119,7207.055152893066,7247.89875793457,7288.742332458496,7329.585750579834,7370.42932510376,7411.272819519043,7437.014026641846,7462.755340576172,7488.496482849121,7514.237861633301,7539.978912353516,7546.94966506958,7553.920463562012,7560.891387939453,7567.8621101379395,7574.832954406738
4,0,0,0,0,0,0,0,0,0,0,0,0,0,0,0,0,0,0,0,0,0
5,613783.5911490917,624037.5399184227,634291.4920601845,644545.4369568825,654799.3652068377,665053.32310009,673607.4118523598,682161.5052813292,690715.5611556768,699269.6548411846,707823.7361615896,714586.8451761007,721349.921862483,728113.0054079294,734876.1020233631,741639.21144104,746835.6167356968,752032.0369763374,757228.4504312277,762424.8617808819,767621.2929497957
6,450697.03466923535,462050.4497310221,473403.8649816662,484757.28304354846,496110.6991197169,507464.1164467633,519948.5822787732,532433.0561828613,544917.5253363699,557401.994748205,569886.4633003473,582917.0992417336,595947.7406638265,608978.372379899,622009.0114744902,635039.6451645792,648443.451996386,661847.2647597194,675251.0602891743,688654.871427685,702058.6793051958
7,1055785.8931335509,1082501.202785343,1109216.5049914122,1135931.810635984,1162647.120165944,1189362.427058816,1215316.842579335,1241271.257247746,1267225.670835048,1293180.0894821882,1319134.5034496486,1344620.888279289,1370107.2820649147,1395593.6741864085,1421080.0715790987,1446566.4650455713,1470818.9492526054,1495071.4421582818,1519323.9259840846,1543576.4092969,1567828.900456041
8,116416.95824694633,117305.92959547043,118194.89705872536,119083.86583137512,119972.83312416077,120861.80378627777,121547.58485102654,122233.36599469185,122919.14020586014,123604.92102837563,124290.70120716095,125330.41291046143,126370.12535786629,127409.83913302422,128449.55162477493,129489.26188540459,131029.760699749,132570.26206207275,134110.7605214119,135651.26098024845,137191.75751066208
9,1501959.2675884366,1489197.4094315171,1476435.5609354377,1463673.6985538006,1450911.8393180966,1438149.9890981317,1426292.6897671223,1414435.3821805716,1402578.100657314,1390720.7931049764,1378863.4999134243,1380156.992202431,1381450.479219079,1382743.9705494642,1384037.459240079,1385330.9476945698,1397459.3261121213,1409587.7077587396,1421716.0795073956,1433844.4568685442,1445972.8408587873
10,75726.12818908691,76357.77410888672,76989.42123413086,77621.06317138672,78252.71424865723,78884.35691833496,79248.64881896973,79612.93803405762,79977.22624206543,80341.52114868164,80705.8071899414,81514.93405151367,82324.056396484375,83133.18350219727,83942.30758666992,84751.43197631836,85529.15447998047,86306.87594604492,87084.59881591797,87862.319580078125,88640.04693603516
11,1592644.1655499935,1588772.7318058014,1584901.3607569933,1581030.008965969,1577158.6165999174,1573287.2092772722,1572343.6685796976,1571400.1760892868,1570456.743569374,1569513.2127759457,1568569.7347516418,1568879.5734665394,1569189.470755875,1569499.3415945768,1569809.2331952453,1570119.1437290907,1568854.4877651334,1567589.903757453,1566325.3338884711,1565060.7691728473,1563796.1867821217
12,0,0,0,0,0,0,0,0,0,0,0,0,0,0,0,0,0,0,0,0,0
13,445322.3018836826,443535.44124605507,441748.57965637,439961.7103485763,438174.8494712189,436387.98600165546,430418.47312028706,424448.9608998671,418479.4457136616,412509.93301261216,406540.4194547236,410092.71302326024,413645.01293355227,417197.3048341349,420749.5996538773,424301.8931721151,427570.8013440892,430839.70398648083,434108.6017874181,437377.50474052876,440646.4105699733
14,25264720.36788082,25439395.71246648,25614071.13544321,25788746.50756955,25963421.78899026,26138097.146455526,26249672.936310053,26361248.71503544,26472824.56388092,26584400.483141184,26695976.334320307,26734560.751098156,26773145.149724722,26811729.586537123,26850314.024712086,26888898.447736025,26890592.842245102,26892287.204235077,26893981.481546164,26895675.722658634,26897370.069839954
15,123193710.47452138,125478643.49541189,127763576.08439116,130048509.02644172,132333441.8923797,134618374.77934727,136589501.37901783,138560627.77436107,140531754.53423452,142502881.10582113,144474007.70064712,146770355.46318442,149066703.78116405,151363050.9473772,153659399.3740869,155955747.179653,158354527.80846936,160753308.25682893,163152089.12051815,165550869.78458658,167949650.38330564
16,20485610.2383509,20735911.02706968,20986211.75407455,21236512.560766343,21486813.325507373,21737115.508166663,22142144.101674624,22547172.697848618,22952201.3051431,23357229.995233178,23762258.497132633,24149609.53182702,24536960.542950906,24924311.63852143,25311662.672719706,25699013.688412827,26048306.633011874,26397599.477321845,26746892.37740806,27096185.35663676,27445478.209155865
17,3586793.3459399343,3656738.546548009,3726683.7855742574,3796628.995562434,3866574.2273566723,3936519.4465233088,4003963.7092294693,4071408.007848263,4138852.2138576508,4206296.515221238,4273740.77576232,4332879.6213722825,4392018.504213333,4451157.368064284,4510296.236825168,4569435.043744385,4620540.505660832,4671645.960892618,4722751.399303198,4773856.8632006645,4824962.291677475
18,1397760.510760069,1399035.8600028753,1400311.2288899422,1401586.587539792,1402861.9543590546,1404137.31638062,1414697.2463042736,1425257.1750340462,1435817.1053283215,1446377.022011757,1456936.9570822716,1465294.8857901096,1473652.8151249886,1482010.7402119637,1490368.6640655994,1498726.5896263123,1503952.437322855,1509178.2845885754,1514404.153961897,1519630.0012853146,1524855.8606615067
19,118148.71594834328,118462.70646357536,118776.69696450233,119090.68611931801,119404.67386484146,119718.6661901474,119717.76246213913,119716.85882377625,119715.95047044754,119715.05018806458,119714.14653730392,119651.31673026085,119588.49047994614,119525.66940951347,119462.8425347805,119400.01878380775,119612.71124243736,119825.40472888947,120038.09776043892,120250.79170179367,120463.48288989067
20,50554023.98603439,50845109.69050789,51136194.99650192,51427280.55967331,51718365.786626816,52009451.24239349,52322111.3333931,52634771.74090576,52947431.797590256,53260092.17562294,53572752.37131405,53829543.67911911,54086334.90926075,54343126.283335686,54599917.66773987,54856709.16750717,55068480.71037197,55280252.24400902,55492023.87575245,55703795.47443485,55915567.135043144
21,20298201.278697968,20459563.425367355,20620925.52901268,20782287.622018814,20943649.678670883,21105011.885682106,21215074.656812668,21325137.225720406,21435199.942004204,21545262.79243374,21655325.571756363,21759058.389896393,21862791.209554672,21966524.22348404,22070257.14755249,22173989.985071182,22268763.173244476,22363536.109898567,22458309.114287376,22553082.054520607,22647855.024791718
24,1302966.052406311,1326864.789700389,1350763.5227007568,1374662.2506376058,1398560.966772139,1422459.7056859732,1441142.1658892184,1459824.6185280383,1478507.0720131397,1497189.5315931141,1515871.9813149571,1530876.892688185,1545881.795892179,1560886.7122558057,1575891.615775615,1590896.5219555795,1592413.8797082305,1593931.2360980213,1595448.5943157375,1596965.9586814642,1598483.313854143
25,23576834.74256754,24219993.98554516,24863153.255265713,25506312.514012337,26149471.72027111,26792631.00547123,27307664.201358795,27822697.29382801,28337730.093837738,28852763.144108772,29367796.17076683,29974446.81697941,30581097.535987854,31187748.023784637,31794398.794265747,32401049.31193161,32998486.436276436,33595923.426403046,34193360.6533308,34790797.755189896,35388234.71698761
26,873831.7986550331,880643.9871330261,887456.1220393181,894268.3105249405,901080.4417786598,907892.6373229027,913282.5253515244,918672.4081945419,924062.2845625877,929452.1735243797,934842.0578513145,938592.5776519775,942343.0163559914,946093.5300188065,949844.0182595253,953594.4800424576,956466.9882774353,959339.5021719933,962212.0307068825,965084.5457653999,967957.0237979889
28,1082019.659828186,1109501.1658859253,1136982.6557540894,1164464.1613845825,1191945.66305542,1219427.1768493652,1250372.9169921875,1281318.6840286255,1312264.5379257202,1343210.3116378784,1374156.1288070679,1408773.166343689,1443390.2407150269,1478007.265762329,1512624.3728179932,1547241.4785308838,1583621.8806915283,1620002.3021087646,1656382.6429901123,1692763.0376281738,1729143.4658203125
29,417287.91718292236,431185.79804992676,445083.68228149414,458981.5691986084,472879.4517211914,486777.33171081543,501684.1642303467,516590.9871673584,531497.8189697266,546404.646560669,561311.4742889404,575987.4339141846,590663.3995361328,605339.3665618896,620015.3328552246,634691.2914733887,649727.6158752441,664763.943572998,679800.2786712646,694836.6060943604,709872.9446716309
30,0,0,0,0,0,0,0,0,0,0,0,0,0,0,0,0,0,0,0,0,0
31,227323.5906701088,231539.6278743744,235755.66522192955,239971.70214247704,244187.73844981194,248403.77596354485,250828.66394400597,253253.55889225006,255678.4456615448,258103.3380999565,260528.22675347328,262464.5106189251,264400.7889881134,266337.06740260124,268273.3457558155,270209.62889385223,271618.7620534897,273027.9002351761,274437.02917289734,275846.167593956,277255.2995786667
32,973854.133813858,987609.3502807617,1001364.5498905182,1015119.7570171356,1028874.9497032166,1042630.1607704163,1052127.0020637512,1061623.8311138153,1071120.6583824158,1080617.4971752167,1090114.3322658539,1097415.8196716309,1104717.2812576294,1112018.7641677856,1119320.2460517883,1126621.7263145447,1133929.4856643677,1141237.2385749817,1148545.0089645386,1155852.758195877,1163160.5210437775
33,0,0,0,0,0,0,0,0,0,0,0,0,0,0,0,0,0,0,0,0,0
34,0,0,0,0,0,0,0,0,0,0,0,0,0,0,0,0,0,0,0,0,0
35,0,0,0,0,0,0,0,0,0,0,0,0,0,0,0,0,0,0,0,0,0
36,0,0,0,0,0,0,0,0,0,0,0,0,0,0,0,0,0,0,0,0,0
37,1554413.6248950958,1564490.8154239655,1574568.0203208923,1584645.2175979614,1594722.4259929657,1604799.6192951202,1612048.7700042725,1619297.9200992584,1626547.0750646591,1633796.2178964615,1641045.3721723557,1648150.0053110123,1655254.6241779327,1662359.2581033707,1669463.894109726,1676568.4954118729,1681832.7149009705,1687096.926905632,1692361.1560649872,1697625.380929947,1702889.5930023193
38,0,0,0,0,0,0,0,0,0,0,0,0,0,0,0,0,0,0,0,0,0
39,7923471.173091099,7996227.355212033,8068983.597541928,8141739.77726686,8214496.047976136,8287252.22959125,8378315.10196209,8469378.113340616,8560440.94294548,8651503.936183095,8742566.743617654,8873547.51014316,9004528.12735337,9135508.820990443,9266489.394126117,9397470.112171143,9568925.541113228,9740380.964373708,9911836.310922533,10083291.665425226,10254747.123527378
40,18421820.49172974,18540364.116547585,18658907.753828283,18777451.3998932,18895995.048434794,19014538.695389714,19121133.381445624,19227728.204495303,19334322.84506071,19440917.58744656,19547512.22666502,19624333.234630175,19701154.16116594,19777975.13880786,19854796.03670939,19931617.046036765,19996265.991039485,20060914.992931426,20125563.853001025,20190212.76949405,20254861.805118512
41,9511779.122249842,9716782.038750172,9921784.995445013,10126787.902321577,10331790.881956577,10536793.778727055,10747244.782038212,10957695.700533628,11168146.70187521,11378597.60040617,11589048.64435935,11812063.332401037,12035078.005819798,12258092.792312622,12481107.483745813,12704122.13028884,12924502.877236366,13144883.568922281,13365264.29044497,13585644.961378574,13806025.721824288
42,6299504.698930621,6550516.034972668,6801527.342601657,7052538.666201949,7303549.980168104,7554561.296053171,7836509.791061878,8118458.286348581,8400406.778220177,8682355.291888237,8964303.78131771,9287168.667133808,9610033.511738777,9932898.41630125,10255763.314363003,10578628.188741922,10945198.880568027,11311769.568329334,11678340.300120354,12044910.957966328,12411481.658023596
43,3134781.3557631336,3220355.9959405176,3305930.5955583714,3391505.26234941,3477079.872491682,3562654.4986536223,3657652.5117538236,3752650.5393083766,3847648.5744306017,3942646.593663495,4037644.580527328,4140120.819991607,4242597.014185565,4345073.254995577,4447549.513484364,4550025.67215188,4649651.420328839,4749277.209373064,4848902.993196327,4948528.748699609,5048154.518380061
44,3265215.1903403997,3360874.3114793897,3456533.4968364835,3552192.7161851525,3647851.9216966033,3743511.0542491674,3842122.0663428307,3940733.103168249,4039344.108465433,4137955.1082594395,4236566.135685682,4343205.997630715,4449845.936399937,4556485.842647314,4663125.728170514,4769765.586854935,4914439.813460588,5059113.971232891,5203788.235868216,5348462.432706714,5493136.614117265
45,1046615.2100553513,1088886.722632885,1131158.2593312263,1173429.8043661118,1215701.3027629852,1257972.8120174408,1291361.156575203,1324749.417346239,1358137.726379156,1391525.9973421097,1424914.3713188171,1460964.124540329,1497013.807888031,1533063.6514444351,1569113.3326666355,1605163.0697906017,1649087.6816265583,1693012.2746634483,1736936.820942402,1780861.4262378216,1824786.03019166
46,939779.9869143963,951372.5401554108,962965.081499815,974557.6175401211,986150.1497757435,997742.7034914494,1007737.7817821503,1017732.8467097282,1027727.9229569435,1037723.0062513351,1047718.0648555756,1058121.0934329033,1068524.1074705124,1078927.1429638863,1089330.193778038,1099733.200431347,1109736.0372982025,1119738.8633871078,1129741.7407979965,1139744.5632719994,1149747.408141613
47,5556680.28123261,5731052.381673068,5905424.501921967,6079796.66888307,6254168.758160055,6428540.864878491,6627955.769646704,6827370.6684663,7026785.5542654395,7226200.449737132,7425615.387662232,7636339.436509669,7847063.5917541385,8057787.787195206,8268511.938111246,8479236.01748985,8688652.23481065,8898068.391331553,9107484.623151958,9316900.801519632,9526317.018136322
48,2016399.3718576655,2062486.2486120537,2108573.130550824,2154660.0281505436,2200746.9073546827,2246833.816040918,2325009.8999225497,2403185.9910087436,2481362.07974115,2559538.174739912,2637714.2729249448,2902318.0805966854,3166921.933439493,3431525.7359132767,3696129.543240994,3960733.3768113554,4006923.411604613,4053113.4822500944,4099303.5791603625,4145493.6353787184,4191683.6813206673
49,591524.3436729908,623831.6222631931,656138.9102203846,688446.1975717545,720753.4822449684,753060.775660634,791655.6049083471,830250.432667017,868845.2838829756,907440.1165449619,946034.9460613728,990538.5186496973,1035042.0783542395,1079545.6741781235,1124049.2138371468,1168552.8115243912,1225570.1474468708,1282587.5060813427,1339604.8913698196,1396622.243585825,1453639.590225935
50,8681256.33632758,8948267.094360499,9215277.814054966,9482288.42013492,9749299.085671898,10016309.73385869,10288458.803367248,10560607.79351601,10832756.937068209,11104905.895338677,11377054.774032906,11641725.292363174,11906395.847563703,12171066.595596462,12435737.31388171,12700407.774477776,12911704.559111446,13123001.019979902,13334297.457244411,13545594.24093188,13756890.755586453
51,2494785.816850662,2581056.507191658,2667327.188439369,2753597.882741928,2839868.6229219437,2926139.273243904,3131427.7558164597,3336716.252573967,3542004.748486519,3747293.1593322754,3952581.687277794,4166856.8323545456,4381132.06021595,4595407.14385128,4809682.278204918,5023957.465819359,5132325.93320179,5240694.390338898,5349062.770996094,5457431.31475544,5565799.717170715
52,1406530.3097875714,1489003.6784968376,1571477.0522823334,1653950.4378517866,1736423.7946417332,1818897.1833702326,1981408.7911997437,2143920.458913803,2306432.130121708,2468943.8053820133,2631455.387535095,2676526.754210472,2721598.1181173325,2766669.5115749836,2811740.8191177845,2856812.171971917,2898318.6375631094,2939825.146768093,2981331.622716427,3022838.124777913,3064344.60375309
53,12576578.48179245,12832132.87416792,13087687.339948177,13343241.731647491,13598796.113855362,13854350.493559837,14133979.131124973,14413607.592894554,14693236.226517677,14972864.888748169,15252493.346643925,15566348.968303204,15880204.477124214,16194060.213160038,16507915.860087872,16821771.415756702,17141220.189899445,17460669.211388588,17780117.923883915,18099566.619778633,18419015.52321148
54,2115310.444934368,2323548.551103115,2531786.643848419,2740024.6863012314,2948262.8285808563,3156500.896598816,3715548.5411920547,4274596.213055611,4833643.830793381,5392691.419082642,5951739.084393501,6089504.50037384,6227270.097468376,6365035.602576256,6502801.030014038,6640566.5874528885,6757034.117486,6873501.651499748,6989969.080613136,7106436.598024368,7222904.132772446
55,547727.0417341543,550756.5352324666,553786.0277980664,556815.5226249355,559845.0194349526,562874.507678892,564917.4113354515,566960.3047823654,569003.2050148859,571046.1006608554,573089.0022498281,571474.0346248136,569859.0744965789,568244.0968974708,566629.1407443527,565014.1687977882,563903.717184159,562793.2524510561,561682.795525074,560572.334288226,559461.876376736
56,664417.7146487236,675617.709133625,686817.6889810562,698017.6857357025,709217.6750879288,720417.6610279083,726011.9789209366,731606.3024215698,737200.6248140335,742794.9582910538,748389.2779464722,758580.9445047379,768772.6394205093,778964.3101968765,789156.0099945068,799347.6741113663,810664.4559583664,821981.2362966537,833298.0002946854,844614.7875213623,855931.5602436066
57,430602.22014503926,431579.2514129728,432556.27958132327,433533.31134255975,434510.3438253552,435487.37452559173,435660.6627937034,435833.9406075552,436007.2282001674,436180.5179228112,436353.8038678691,433746.42534178495,431139.04290350527,428531.66015711427,425924.27694261447,423316.9039079547,421116.4937070012,418916.07624679804,416715.6742265001,414515.2589566484,412314.8417166844
58,2703485.905982971,2766023.9120292664,2828561.918033123,2891099.937031269,2953637.9121665955,3016175.9004220963,3076488.45874691,3136801.0106902122,3197113.504131794,3257426.056705475,3317738.6149101257,3332988.263680458,3348237.9409680367,3363487.6684165,3378737.34199667,3393987.0246977806,3416868.046587944,3439749.1294989586,3462630.135119438,3485511.2168507576,3508392.2660188675
59,3765213.64245224,3783290.381832123,3801367.133453369,3819443.8594551086,3837520.597793579,3855597.3317985535,3878726.5452804565,3901855.7634735107,3924984.991794586,3948114.2213287354,3971243.4170951843,3994012.27425766,4016781.131679535,4039549.9775543213,4062318.8425064087,4085087.7009506226,4105004.3530807495,4124921.002040863,4144837.6354179382,4164754.291519165,4184670.9399871826
60,126050.95483398438,127643.19653320312,129235.42846679688,130827.67016601562,132419.90234375,134012.14868164062,135507.99658203125,137003.84448242188,138499.697265625,139995.544921875,141491.39770507812,142629.76879882812,143768.14477539062,144906.5107421875,146044.89135742188,147183.26708984375,147459.09912109375,147734.92626953125,148010.7587890625,148286.5859375,148562.41796875
61,9289780.882928848,9393593.146000385,9497405.412216187,9601217.568836212,9705029.850973845,9808842.091110468,9941797.605894566,10074753.262090921,10207708.821705818,10340664.454705715,10473620.001190186,10625781.454128742,10777942.869786978,10930104.290806055,11082265.818753004,11234427.22301364,11384171.412301064,11533915.55013299,11683659.694329023,11833403.874603987,11983148.035238504
62,18233886.1758551,18452893.534684733,18671900.66312258,18890907.88801264,19109915.05478636,19328922.31387639,19592932.334873192,19856942.3294155,20120952.350621797,20384962.25619205,20648972.22183516,20993258.125945754,21337544.230057225,21681830.169672117,22026116.214666113,22370402.107658103,22701088.830654323,23031775.476660535,23362462.080592126,23693148.69271767,24023835.445008352
63,448593.3839123044,491389.9809231949,534186.5922074602,576983.2037524236,619779.7975312746,662576.4203810818,698142.4514620341,733708.5081228083,769274.5444663297,804840.5651592114,840406.6190894614,871320.2018306884,902233.8365330661,933147.4288586364,964061.0281333763,994974.63051728555,1027463.8178065452,1059953.0095980237,1092442.212383296,1124931.4367843696,1157420.650872629
64,910072.4478212995,951190.2454022374,992308.0431174943,1033425.8392504994,1074543.6433331491,1115661.439880141,1160745.9668084793,1205830.5130467713,1250915.0225473186,1295999.5448081559,1341084.0776322111,1393379.2321875663,1445674.4082442243,1497969.5479098707,1550264.716483592,1602559.846440046,1660762.5598705728,1718965.2664561989,1777167.9414138645,1835370.620763271,1893573.3152362993
65,1276277.1891994476,1314738.459060669,1353199.7419643402,1391661.0470485687,1430122.3445034027,1468583.5993347168,1517594.7287368774,1566605.8261108398,1615616.9563026428,1664628.0883750916,1713639.1967048645,1774980.327009201,1836321.465549469,1897662.643026352,1959003.7444152832,2020344.8757190704,2093197.5313854218,2166050.1636486053,2238902.841020584,2311755.493938446,2384608.151971817
66,8038140.819148064,8267786.8495054245,8497433.012470245,8727078.96689415,8956725.04248333,9186370.965533257,9461569.147608757,9736767.332062721,10011965.540774345,10287163.789907455,10562361.944778442,10916554.269212723,11270746.359992981,11624938.569669247,11979131.05207491,12333323.128271103,12717806.12159872,13102289.353764534,13486772.352885246,13871255.198133945,14255738.47239685
67,3007650.752317965,3059981.6897217035,3112312.5534118414,3164643.5530616045,3216974.409596741,3269305.3691005707,3321630.4163321257,3373955.5039697886,3426280.6957527995,3478605.749468565,3530930.8114777207,3532440.624116361,3533950.4509243965,3535460.3381146193,3536970.2115807533,3538480.0152721405,3586027.9499382973,3633575.8521013856,3681123.7026228905,3728671.6137533784,3776219.6409552097
68,759309.7138977051,764373.7563323975,769437.8027191162,774501.8312835693,779565.8744812012,784629.920501709,791732.067199707,798834.1908416748,805936.3409729004,813038.4825439453,820140.5943450928,823943.6586761475,827746.6746520996,831549.7108154297,835352.7306976318,839155.7754211426,842032.0180206299,844908.300201416,847784.5599517822,850660.8384246826,853537.0779266357
69,1907924.333199799,1884460.8354654312,1860997.381673932,1837533.9309089184,1814070.500803113,1790607.0202322602,1768325.903358519,1746044.7530789971,1723763.63008821,1701482.486217618,1679201.4046046734,1659734.3900702,1640267.3837075233,1620800.4046639204,1601333.395987153,1581866.3763906956,1573472.833874464,1565079.3264267445,1556685.7839186192,1548292.2661058903,1539898.7481687665
70,1479554.7930150272,1470009.3851003866,1460463.9809931696,1450918.574827105,1441373.172434019,1431827.7586250356,1428924.9841951642,1426022.20400485,1423119.4520700823,1420216.6810630097,1417313.90778893,1416293.6077468935,1415273.3211947666,1414253.041679837,1413232.7523233525,1412212.4588059168,1411937.464265485,1411662.4733853536,1411387.4968057417,1411112.5065055657,1410837.5104073226
71,1188174.6928019524,1186312.144314766,1184449.5863232613,1182587.050778389,1180724.4994244576,1178861.9313588142,1177531.961774826,1176201.976866722,1174872.0014519691,1173542.0315389633,1172212.0513219833,1170701.780594349,1169191.5167546272,1167681.2582354546,1166170.9957156181,1164660.7305264473,1162028.3164281845,1159395.8858733177,1156763.4521307945,1154131.0246973038,1151498.6095986366
72,1075797.2086472511,1069919.1818811893,1064041.1793519258,1058163.1827915907,1052285.1611831188,1046407.1567703485,1035061.7988786697,1023716.4456359148,1012371.0875140429,1001025.7350956202,989680.3787691593,969031.220839262,948382.0432521105,927732.872315526,907083.6858376265,886434.520464778,812571.0199120045,738707.5508778691,664844.0486017466,590980.5514852405,517117.0657079816
73,17506864.52054604,17459249.87568973,17411635.218755417,17364020.47357081,17316405.859832443,17268791.166403398,17275296.43086031,17281801.794235587,17288307.04754386,17294812.353690818,17301317.69786477,17324976.058798563,17348634.52606602,17372293.022467908,17395951.376682222,17419609.835830703,17421050.98501408,17422492.16038036,17423933.54193014,17425374.75571342,17426815.86942094
74,1366917.1771850586,1354191.6319561005,1341466.0695829391,1328740.5100550652,1316014.9498939514,1303289.3955578804,1294701.689154148,1286113.9908428192,1277526.2952718735,1268938.5955450535,1260350.8984816074,1251748.1463563442,1243145.40350461,1234542.623774767,1225939.880781889,1217337.1284320354,1224127.3755640984,1230917.6210167408,1237707.8614115715,1244498.0832378864,1251288.3437886238
75,8750337.851905823,8698190.785208702,8646043.843039513,8593896.826741219,8541749.845095634,8489602.810458183,8465476.393325806,8441349.920398712,8417223.63299942,8393097.141166687,8368970.72784996,8356184.2483997345,8343397.703960419,8330611.033678055,8317824.5072155,8305038.018157959,8279993.466647148,8254948.915460587,8229904.370833397,8204859.815478325,8179815.3015060425
76,36602927.74367857,37232844.08334875,37862760.51044655,38492676.86669588,39122593.26131964,39752509.57724333,40360693.702274084,40968877.91955328,41577061.75606871,42185245.88051677,42793430.184936285,43622173.73665047,44450917.107466936,45279660.7582252,46108404.321522236,46937147.911590934,47427314.33325219,47917480.86651385,48407647.56629467,48897814.192536,49387980.594723165
77,2955310.568318367,3003977.441543579,3052644.3290023804,3101311.1664266586,3149978.0295677185,3198644.9373989105,3271805.3803157806,3344965.871328354,3418126.3360652924,3491286.8361091614,3564447.283493042,3474243.134542465,3384038.950214386,3293834.8073654175,3203630.623468399,3113426.443292618,3179075.1025829315,3244723.706972122,3310372.2976169586,3376020.956161499,3441669.549020767
78,4729737.9383451305,4949184.091107225,5168630.1222063005,5388076.223993035,5607522.250534739,5826968.346608488,5927933.041181149,6028897.563533982,6129862.266739523,6230826.861755187,6331791.533824462,6766671.574320849,7201551.573991191,7636431.71188074,8071311.667792305,8506191.767855667,8512096.32583234,8518000.858072884,8523905.374944232,8529809.882895004,8535714.510322753
79,7661171.0047787875,7818770.455438703,7976369.925172031,8133969.418534771,8291568.869846821,8449168.312077537,8666951.202352375,8884734.00469692,9102516.808153674,9320299.652582005,9538082.515963942,9735828.037612423,9933573.62514174,10131319.17185837,10329064.69247602,10526810.275530726,10735854.094779596,10944897.96858029,11153941.845839739,11362985.706733868,11572029.483136728
80,13759136.42029772,13791077.126109667,13823017.864325225,13854958.733922966,13886899.487185396,13918840.20590154,13948958.381694749,13979076.538440004,14009194.787419222,14039312.922547936,14069431.058167912,14016710.638390094,13963990.151797362,13911269.64764756,13858549.186208472,13805828.669414371,13776471.950880475,13747115.211333968,13717758.28119801,13688401.527640276,13659044.762051076
81,1187928.3546101004,1210449.5677374303,1232970.8235766888,1255492.0708495677,1278013.3049272299,1300534.5418095142,1318417.1086863577,1336299.6725494266,1354182.2833252102,1372064.8212562948,1389947.411093533,1405373.4874022007,1420799.570317179,1436225.6644961834,1451651.745168388,1467077.8222605437,1480235.783034861,1493393.7631473243,1506551.7304794937,1519709.6925961971,1532867.6589701325
82,2461100.9932689667,2468837.0708637238,2476573.1381230354,2484309.218832493,2492045.3060877323,2499781.3777689934,2484711.945330143,2469642.5139932632,2454573.0726895332,2439503.6486222744,2424434.2275670767,2438313.310655117,2452192.4361629486,2466071.523210168,2479950.6354432106,2493829.7353338003,2515815.82987988,2537801.9142752886,2559788.002727866,2581774.086301565,2603760.1680903435
84,19638847.818792343,19808515.87992716,19978183.805666924,20147851.85382366,20317519.869347572,20487187.892658234,20746026.638471603,21004865.537082672,21263704.333904266,21522543.266174316,21781381.98313427,22150702.551382065,22520022.891295433,22889343.38061428,23258663.712800026,23627984.220639706,23973554.440375805,24319124.61643219,24664694.824243546,25010265.014807224,25355835.204743385
85,1359.0714898109436,1335.997076511383,1312.922772884369,1289.848412513733,1266.7740831375122,1243.6997680664062,1260.3720169067383,1277.0442562103271,1293.716519832611,1310.3887686729431,1327.0610337257385,1336.4605641365051,1345.8599886894226,1355.2594113349915,1364.6589436531067,1374.058392047882,1405.303985118866,1436.5496668815613,1467.7952976226807,1499.0408906936646,1530.2865705490112
86,11479.541428089142,11066.47027349472,10653.399896144867,10240.328552246094,9827.25779056549,9414.18666934967,9331.766741752625,9249.346960544586,9166.926426410675,9084.506861686707,9002.086786270142,8872.269632339478,8742.452547550201,8612.634986400604,8482.818044662476,8353.000908851624,8349.744297027588,8346.487597942352,8343.23179101944,8339.974957942963,8336.718548297882
88,545.5779609680176,535.2104117870331,524.8428246974945,514.4753220081329,504.10774397850037,493.74019479751587,499.19327342510223,504.64633774757385,510.0993609428406,515.5523884296417,521.0055038928986,523.5020697116852,525.9986727237701,528.4952614307404,530.9918043613434,533.4884302616119,544.3051397800446,555.1218492984772,565.9384894371033,576.7551944255829,587.5719039440155
89,0,0,0,0,0,0,0,0,0,0,0,0,0,0,0,0,0,0,0,0,0
90,0,0,0,0,0,0,0,0,0,0,0,0,0,0,0,0,0,0,0,0,0
91,0,0,0,0,0,0,0,0,0,0,0,0,0,0,0,0,0,0,0,0,0
92,0,0,0,0,0,0,0,0,0,0,0,0,0,0,0,0,0,0,0,0,0
93,0,0,0,0,0,0,0,0,0,0,0,0,0,0,0,0,0,0,0,0,0
94,0,0,0,0,0,0,0,0,0,0,0,0,0,0,0,0,0,0,0,0,0
95,6012.945437202288,6058.444573162007,6103.943794578663,6149.442883919022,6194.942030896913,6240.441185457283,6221.317991123855,6202.194739522136,6183.071479439721,6163.948264226856,6144.825017101226,6180.106303979315,6215.387909965073,6250.66934514662,6285.950979521913,6321.232473437267,6346.4003289223765,6371.568326705197,6396.736440341432,6421.904461571317,6447.07239547481
96,2536998.2889499664,2677972.2837991714,2818946.236673355,2959920.1956596375,3100894.196750641,3241868.1527290344,3348464.0968818665,3455059.9841861725,3561655.9859466553,3668251.8619384766,3774847.7871074677,3881399.046110153,3987950.343137741,4094501.5265846252,4201052.826231003,4307604.110738754,4421573.505659103,4535542.891599655,4649512.19480896,4763481.579025269,4877450.905927658
97,1888172.7336726189,1949329.9663875103,2010487.218989849,2071644.3939721584,2132801.640660286,2193958.902974367,2300959.486358404,2407960.0755078793,2514960.7289862633,2621961.3334252834,2728961.8901150227,2821381.7064273357,2913801.468738079,3006221.2282993793,3098641.0043981075,3191060.79570961,3294188.2467591763,3397315.6207265854,3500443.0310418606,3603570.4103019238,3706697.85078907
98,2089645.7832641602,2149466.8588027954,2209287.9516067505,2269109.0734710693,2328930.15901947,2388751.226661682,2463171.474624634,2537591.683029175,2612011.9721832275,2686432.1691970825,2760852.4105682373,2853173.2740859985,2945494.1561813354,3037815.0261383057,3130135.876197815,3222456.700073242,3335601.863052368,3448747.030944824,3561892.1966400146,3675037.3672180176,3788182.515312195
99,3212176.6659698486,3303153.5373077393,3394130.424041748,3485107.2917633057,3576084.1620635986,3667061.0830078125,3767425.7226486206,3867790.310546875,3968154.9688568115,4068519.6037139893,4168884.2156677246,4276783.933914185,4384683.597045898,4492583.338668823,4600482.988494873,4708382.68397522,4832449.194000244,4956515.60925293,5080582.12651062,5204648.630401611,5328715.0950164795
100,1005874.6205051541,1026118.7917684913,1046362.9520939589,1066607.1479847431,1086851.3884730935,1107095.523833871,1111069.7053928375,1115043.8233550787,1119017.9959067106,1122992.120739162,1126966.2966333628,1107259.4794856906,1087552.6560797691,1067845.877992332,1048139.0972498655,1028432.294404149,992862.2630879283,957292.2180504799,921722.1718133688,886152.162822783,850582.0888965726
101,125101.89631462967,129588.86631250283,134075.83832713348,138562.8078440351,143049.77852538193,147536.74918834466,153396.8283868083,159256.89656561354,165116.97277669274,170977.0417013565,176837.1186233724,185452.69155371413,194068.2551153282,202683.82692196078,211299.39475025886,219914.96358630212,230211.11417512532,240507.2677786704,250803.41888301272,261099.58052254605,271395.7302899923
102,14903519.712364838,15128505.832263457,15353492.019778162,15578478.025610358,15803464.255009253,16028450.359758653,16237305.300642803,16446160.29924252,16655015.211307453,16863870.206170075,17072725.195797235,17250778.807408288,17428832.536374263,17606886.22836443,17784939.849640943,17962993.51656804,18090735.25180976,18218476.815925792,18346218.473296624,18473960.103620406,18601701.76440139
103,318265.00815963745,326018.04134750366,333771.0861377716,341524.11507225037,349277.173910141,357030.20982933044,365670.07147979736,374309.9168891907,382949.7638244629,391589.6224594116,400229.4850406647,409756.03922080994,419282.59054756165,428809.1504611969,438335.70694351196,447862.2761993408,458049.3976764679,468236.54702568054,478423.68168258667,488610.81674957275,498797.94822883606
104,369423.2877050638,383759.1268184185,398094.9443972111,412430.7786473036,426766.6137254238,441102.4256848097,456901.4667941332,472700.50854742527,488499.5461962223,504298.59151387215,520097.6301738024,538214.0695807934,556330.5181119442,574446.9713561535,592563.4208307266,610679.8571749926,630585.9438663721,650492.0514872074,670398.1485586166,690304.2731729746,710210.3608835936
105,0,0,0,0,0,0,0,0,0,0,0,0,0,0,0,0,0,0,0,0,0
106,7334564.00302124,7569977.418262482,7805390.744289398,8040804.123775482,8276217.483697891,8511630.825811386,8779901.608514786,9048172.459350586,9316443.299762726,9584714.172683716,9852984.969367981,10137273.534629822,10421562.154586792,10705850.784259796,10990139.440937042,11274428.046539307,11561634.955821991,11848841.88930893,12136048.871509552,12423255.885868073,12710462.900558472
107,0,0,0,0,0,0,0,0,0,0,0,0,0,0,0,0,0,0,0,0,0
108,293083.37591552734,294783.6088256836,296483.8395996094,298184.0762939453,299884.30682373047,301584.54431152344,301195.2370605469,300805.92932128906,300416.6276855469,300027.3195800781,299638.01904296875,298486.17236328125,297334.32775878906,296182.47467041016,295030.63861083984,293878.7915649414,293251.1169433594,292623.44177246094,291995.76348876953,291368.0867919922,290740.41455078125
110,1044324.2114930749,1066937.1084515452,1089549.9861050248,1112162.8735579252,1134775.74211061,1157388.6027187705,1180508.9332706928,1203629.290890932,1226749.6500076652,1249869.9689612389,1272990.3056842089,1293462.1800111532,1313934.1170220375,1334406.0120116472,1354877.948912263,1375349.8265166283,1392439.9621403217,1409530.0800694823,1426620.147243321,1443710.164369464,1460800.2950341702
111,51238.647207550704,54929.67754624039,58620.70863549039,62311.739283427596,66002.76888506487,69693.79933610931,71598.85989568383,73503.92087396234,75408.98125335202,77314.04238179512,79219.10166505538,80410.99576853402,81602.89174369723,82794.78756056167,83986.68146651983,85178.57558865473,85960.21573287807,86741.8556888299,87523.4967683889,88305.13571120147,89086.77706175297
112,12385819.586359978,12416213.213430882,12446606.810323954,12477000.447428703,12507394.120588303,12537787.764692068,12546907.881383896,12556028.036924362,12565148.237456083,12574268.42655754,12583388.598334312,12600538.81347394,12617689.11220479,12634839.377236128,12651989.616892338,12669139.874091387,12663268.62468052,12657397.408965826,12651526.106387854,12645654.874612808,12639783.645514965
113,147650.7173242569,152278.46659564972,156906.22539901733,161533.97185707092,166161.72898101807,170789.4799413681,175245.2673406601,179701.05576705933,184156.84823322296,188612.6295337677,193068.41926002502,195699.923661232,198331.42373657227,200962.92907428741,203594.4313659668,206225.9349155426,208365.03401756287,210504.13181304932,212643.22408676147,214782.32263183594,216921.41903305054
114,10081338.180355787,10252573.63087678,10423809.068448305,10595044.476851225,10766279.931317568,10937515.352225542,11118486.916565418,11299458.556444883,11480430.058470964,11661401.716780186,11842373.305012703,12022357.024607658,12202340.828039646,12382324.570705414,12562308.412766457,12742292.04658842,12919804.25484991,13097316.452907085,13274828.443915844,13452340.637880564,13629852.870524406
115,8715028.91138649,8867958.286441565,9020887.666597605,9173817.188763142,9326746.566760778,9479675.967833757,9631326.895724535,9782977.839071512,9934628.663504362,10086279.633740425,10237930.584645748,10384759.00253439,10531587.443553925,10678415.687503338,10825244.044060707,10972072.41236496,11108890.761641026,11245709.017279148,11382527.212854862,11519345.459079266,11656163.77860117
116,4914113.370350365,4903812.598206991,4893511.8528645355,4883211.146131918,4872910.4075100385,4862609.6535518505,4848152.952792179,4833696.283397237,4819239.608922584,4804782.93379779,4790326.243653914,4782648.016026746,4774969.782455858,4767291.555859499,4759613.3471649345,4751935.092667431,4749092.576531157,4746250.046720474,4743407.492892955,4740564.981805742,4737722.456334816
117,71828.53661394119,73408.7453379631,74988.95391750336,76569.15977811813,78149.36886644363,79729.57817792892,82310.80977106094,84892.0410759449,87473.27171230316,90054.50106215477,92635.73247885704,94476.00703310966,96316.2797806263,98156.55026936531,99996.82140922546,101837.09679579735,103453.93772149086,105070.7817223072,106687.62128329277,108304.46541571617,109921.30954217911
118,57095.454833984375,58710.68738555908,60325.917472839355,61941.14805603027,63556.37971496582,65171.6071472168,66338.17610168457,67504.74128723145,68671.30453491211,69837.86906433105,71004.43273925781,71877.03025817871,72749.62925720215,73622.22869873047,74494.8276977539,75367.42669677734,76039.92593383789,76712.4321899414,77384.92890930176,78057.43176269531,78729.93440246582
119,126077.92803192139,127861.9998550415,129646.07456207275,131430.14765930176,133214.21976470947,134998.29438781738,136543.18253326416,138088.0690383911,139632.9568786621,141177.8457183838,142722.73014831543,144244.5622024536,145766.3937072754,147288.22232818604,148810.05393981934,150331.88731384277,151656.6469116211,152981.4058227539,154306.1626586914,155630.92558288574,156955.6856689453
120,143499.55645227432,145716.94819641113,147934.33777809143,150151.73369407654,152369.1231994629,154586.51372241974,156759.84431171417,158933.17320156097,161106.50156021118,163279.8291683197,165453.1603384018,167637.74252796173,169822.3226699829,172006.90437698364,174191.48378658295,176376.06928825378,178600.8914051056,180825.71792507172,183050.5467824936,185275.37544631958,187500.19953918457
121,16597.874221801758,16477.978256225586,16358.081954956055,16238.185989379883,16118.290309906006,15998.393672943115,16116.280815124512,16234.167671203613,16352.054595947266,16469.941619873047,16587.82847595215,16703.034698486328,16818.241760253906,16933.448150634766,17048.654808044434,17163.86186981201,17245.57903289795,17327.296463012695,17409.012115478516,17490.729949951172,17572.44744873047
122,241042.95121002197,243895.02815246582,246747.0937538147,249599.16093826294,252451.23190307617,255303.30605316162,259300.8745613098,263298.4479446411,267296.021774292,271293.5958175659,275291.168548584,277984.0414237976,280676.91234588623,283369.7884712219,286062.66304016113,288755.54037475586,291238.177444458,293720.80852127075,296203.4475212097,298686.0811576843,301168.7196960449
123,113024.80741882324,113273.1025428772,113521.39867401123,113769.69282913208,114017.98793029785,114266.28321838379,114436.7311592102,114607.18103790283,114777.63166046143,114948.0817451477,115118.5297164917,115575.26117324829,116031.9934463501,116488.72518157959,116945.45795822144,117402.18882369995,117899.49342727661,118396.79941940308,118894.10387420654,119391.41038131714,119888.71487045288
124,445646.30101013184,447045.3735961914,448444.4567718506,449843.5251159668,451242.60482788086,452641.68144226074,454501.3965911865,456361.1058959961,458220.8305053711,460080.54110717773,461940.2492828369,463507.1086578369,465073.96295166016,466640.81521606445,468207.66748046875,469774.52449035645,470945.13302612305,472115.74017333984,473286.347076416,474456.9582977295,475627.5713043213
125,253539.72143554688,254062.09524536133,254584.465133667,255106.83544921875,255629.2064819336,256151.58416748047,256864.7250213623,257577.86779785156,258291.01118469238,259004.15464782715,259717.29373168945,260631.19984436035,261545.1046142578,262459.00480651855,263372.90843963623,264286.8079147339,265401.68087005615,266516.55213165283,267631.4195251465,268746.29136657715,269861.1644744873
126,1830429.8670933247,1836296.0871458054,1842162.3323664665,1848028.5729763508,1853894.8096456528,1859761.0471618176,1866270.082947731,1872779.155495882,1879288.2042899132,1885797.2944927216,1892306.334764719,1899056.669807434,1905807.0145902634,1912557.3649144173,1919307.7266216278,1926058.051563263,1928775.962342739,1931493.876206398,1934211.792801857,1936929.6910495758,1939647.5881652832
127,291614.5601654053,293412.83614349365,295211.1113510132,297009.38192749023,298807.6544723511,300605.9310760498,302343.9122772217,304081.8989944458,305819.8829727173,307557.86476898193,309295.8487472534,310887.0305557251,312478.2127838135,314069.392414093,315660.5759963989,317251.7508468628,319604.643699646,321957.54025650024,324310.43647384644,326663.3313674927,329016.2250595093
129,4040640.626345247,4120867.3075582087,4201094.047754198,4281320.769084275,4361547.472146571,4441774.144980043,4525225.196162939,4608676.265397459,4692127.341578424,4775578.412773579,4859029.476537973,4944825.3411192,5030621.247501075,5116417.158143699,5202213.034588933,5288008.955066413,5372291.704621136,5456574.531500399,5540857.321595073,5625140.097377807,5709422.883028418
130,1913021.680818081,1948979.950811088,1984938.209858954,2020896.4932710528,2056854.7575044036,2092813.0242916942,2126891.168953359,2160969.31505847,2195047.462422967,2229125.611795664,2263203.7563472986,2294353.3084828854,2325502.8692524433,2356652.4233140945,2387801.9757227898,2418951.531443119,2447915.2607967854,2476879.0097260475,2505842.736587286,2534806.4735753536,2563770.208147764
131,2850860.9350705147,2880257.1794540584,2909653.392383635,2939049.601332903,2968445.8390141726,2997842.0586680174,3025951.891733229,3054061.7182997465,3082171.544114828,3110281.3749728203,3138391.1999958754,3163100.869885564,3187810.552733302,3212520.234160304,3237229.9073035717,3261939.575122118,3284155.5028641224,3306371.4223940372,3328587.380125046,3350803.3118469715,3373019.2373189926
132,8473225.94967106,8623846.231823623,8774466.551052362,8925086.802901506,9075707.063638777,9226327.373504937,9370334.45780924,9514341.447924197,9658348.46570322,9802355.498197854,9946362.57131043,10075709.828340381,10205056.906514674,10334404.05339536,10463751.218471438,10593098.468216628,10698826.158491313,10804554.048698634,10910281.90361178,11016009.710038215,11121737.551643878
133,3020064.999818518,3077714.3786670007,3135363.7451424515,3193013.15386061,3250662.5302497735,3308311.882378388,3364438.2515202365,3420564.5965953995,3476690.955334746,3532817.3411816615,3588943.6751627745,3640067.156149038,3691190.5968848066,3742314.061941269,3793437.520082458,3844560.9759417577,3896344.168442298,3948127.404960499,3999910.613129043,4051693.7996735615,4103477.0114475605
134,5007548.217197418,5031294.065338135,5055039.880332947,5078785.677772522,5102531.513130188,5126277.304573059,5142670.48657608,5159063.659404755,5175456.814388275,5191849.96402359,5208243.13860321,5223916.797721863,5239590.456916809,5255264.174423218,5270937.849189758,5286611.523948669,5303495.461639404,5320379.425632477,5337263.423038483,5354147.37746048,5371031.3192977905
135,21944759.874284863,22312112.8110604,22679465.660061672,23046818.545349862,23414171.50508296,23781524.36962447,24227460.487615723,24673396.54298355,25119332.71977915,25565268.845675956,26011204.936008055,26407569.792501774,26803934.57476304,27200299.299799588,27596664.028231993,27993028.887115225,28216117.776138887,28439206.69023744,28662295.630431097,28885384.5499677,29108473.453103215
136,1888904.2749619484,1934690.8347768784,1980477.3875694275,2026263.937620163,2072050.4887075424,2117837.057908535,2164098.983291149,2210360.90639925,2256622.840812683,2302884.7720708847,2349146.699063301,2395757.600610256,2442368.4982070923,2488979.4104709625,2535590.2954297066,2582201.1990880966,2628770.0188508034,2675338.8176021576,2721907.6489748955,2768476.454932213,2815045.2570843697
137,6583276.84577449,6698022.157879408,6812767.567255452,6927512.76121635,7042258.177552501,7157003.485443978,7280528.682954207,7404053.609810384,7527578.666361287,7651103.598362261,7774628.807011699,7898082.802278191,8021537.0339172315,8144991.067174209,8268445.332476165,8391899.120599102,8512259.919163693,8632620.711628381,8752981.701782309,8873342.493173689,8993703.307662383
138,17213918.291047454,17468319.541897476,17722720.915703952,17977122.159832686,18231523.496596485,18485924.835309327,18750814.632409513,19015704.67586547,19280594.507496268,19545484.36177799,19810374.198214352,20108889.56031415,20407404.960609436,20705919.94332987,21004435.454114348,21302950.680702716,21593715.332675785,21884479.879536778,22175244.421250075,22466008.930598646,22756773.684535652
139,15749101.280730702,16038222.228381455,16327343.232463732,16616464.1161412,16905585.172721446,17194706.05391991,17479201.191110373,17763696.101104677,18048191.1080395,18332686.118686736,18617181.120135188,18891680.05476129,19166179.015739262,19440677.77701074,19715177.00904864,19989675.716778457,20257214.207367897,20524752.78059697,20792291.21717322,21059829.552859783,21327368.053662777
140,1205523.1930923462,1213506.4680480957,1221489.7652053833,1229473.0401420593,1237456.3425865173,1245439.618270874,1245705.2920150757,1245970.9507827759,1246236.6257591248,1246502.2807350159,1246767.9520072937,1249789.0175971985,1252810.0800437927,1255831.145149231,1258852.2114048004,1261873.2777938843,1263081.8393211365,1264290.3978366852,1265498.9631519318,1266707.5290851593,1267916.0933265686
141,80713.96752369404,81353.70988047123,81993.4521073103,82633.19443458319,83272.93793392181,83912.68000042439,84002.2516065836,84091.82391786575,84181.39668345451,84270.96868562698,84360.5411207676,84251.57008457184,84142.5987393856,84033.62907350063,83924.65752661228,83815.68696665764,84036.42668193579,84257.16551744938,84477.90632241964,84698.64522987604,84919.38371694088
143,419284.8106614314,423022.8555826396,426760.8984742835,430498.9419578947,434236.98399224505,437975.02473492175,443332.8540829085,448690.6946141347,454048.5224509761,459406.3564800918,464764.1895509511,467162.1004893407,469560.01708834246,471957.9331258498,474355.848234348,476753.7667608373,479506.464428924,482259.17393663153,485011.87563784793,487764.58108109236,490517.2814601213
144,51.6879023835063,52.69668001681566,53.705454751849174,54.714230597019196,55.72300533205271,56.731783010065556,58.156651712954044,59.5815224647522,61.00639081001282,62.431256510317326,63.85612490773201,65.53789249062538,67.21966039389372,68.90143041312695,70.5831982716918,72.26496585458517,73.96735348552465,75.66974170506,77.37213553488255,79.0745235607028,80.77691120654345
145,137473.89899933664,137182.465311334,136891.03014237713,136599.5963008618,136308.1621854119,136016.72756589297,135203.00706816977,134389.28845406557,133575.56775350962,132761.84789922694,131948.12763540307,131210.01100330008,130471.89338699728,129733.77658920316,128995.65850748215,128257.54061728064,127851.38387402799,127445.22832895978,127039.07264438039,126632.91634903615,126226.76034619415
146,569.436371922493,586.801231265068,604.1660690307617,621.5308904647827,638.895765542984,656.2606117725372,676.2731556892395,696.2856597900391,716.2981967926025,736.3107242584229,756.3232564926147,779.3871641159058,802.4510822296143,825.5150401592255,848.5789477825165,871.6428554058075,898.223432302475,924.8039813041687,951.3845860958099,977.9651255607605,1004.545702457428
147,742731.4496904612,754180.702559948,765629.9442044497,777079.1875741482,788528.4333558083,799977.680564642,809962.8574769497,819948.0409920216,829933.2177348137,839918.3964636326,849903.5777390003,862560.2239522934,875216.8734693527,887873.5200061798,900530.1698114872,913186.8234534264,927343.5667562485,941500.3096474409,955657.0509943962,969813.8057647943,983970.5395191908
148,52628.78068494797,52713.3291618824,52797.87831783295,52882.42895889282,52966.978348731995,53051.526151657104,53403.70734453201,53755.888229846954,54108.068131923676,54460.24871587753,54812.42915725708,55106.44711017609,55400.466859817505,55694.48919725418,55988.5092291832,56282.52940607071,56626.886872291565,56971.24421405792,57315.60078001022,57659.96155118942,58004.315324783325
149,0,0,0,0,0,0,0,0,0,0,0,0,0,0,0,0,0,0,0,0,0
150,0,0,0,0,0,0,0,0,0,0,0,0,0,0,0,0,0,0,0,0,0
151,116402.59579658508,117099.58352851868,117796.57259511948,118493.5615735054,119190.54868841171,119887.53622627258,118524.71832752228,117161.90052175522,115799.08094787598,114436.2641324997,113073.4471654892,113093.90788674355,113114.3655924797,113134.82016992569,113155.27813792229,113175.73861026764,113373.9717297554,113572.20296955109,113770.43851661682,113968.67228984833,114166.90508890152
152,253917.3823261261,255279.45025396347,256641.52060890198,258003.5898900032,259365.6618862152,260727.72806167603,262292.6403079033,263857.5522451401,265422.46267175674,266987.3753390312,268552.2860684395,270405.5583996773,272258.8327717781,274112.10422611237,275965.37902879715,277818.65158462524,279275.6287741661,280732.6064376831,282189.58727550507,283646.56481838226,285103.5434169769
153,108818.53106307983,109133.36479854584,109448.19665336609,109763.03028297424,110077.86369991302,110392.69787693024,110104.69980144501,109816.70215129852,109528.70355319977,109240.70513629913,108952.70601940155,108529.53297615051,108106.35749530792,107683.18234443665,107260.0065073967,106836.83276319504,106683.1312494278,106529.42888784409,106375.7256860733,106222.02386331558,106068.32336473465
154,3516.950314640999,3428.7854900360107,3340.620638370514,3252.455790758133,3164.2909927368164,3076.1261028051376,3044.334843635559,3012.543520450592,2980.7522149086,2948.9608550071716,2917.169568657875,2906.18277156353,2895.1959017515182,2884.209100484848,2873.2222423553467,2862.235419511795,2860.4570412635803,2858.6786572933197,2856.9002767801285,2855.1218687295914,2853.3434442281723
155,405515.27224349976,405096.73698425293,404678.19272613525,404259.65507507324,403841.1181411743,403422.58209991455,403251.14852523804,403079.7234840393,402908.29738235474,402736.8578453064,402565.43620300293,401887.45488357544,401209.48625564575,400531.5117301941,399853.5460395813,399175.55533981323,400409.57497787476,401643.5994758606,402877.61671066284,404111.639503479,405345.64330101013
156,46484.509757995605,44435.83359527588,42387.15763092041,40338.482971191406,38289.80736541748,36241.131340026855,35791.86479187012,35342.598262786865,34893.33057785034,34444.06492996216,33994.79818344116,34683.68003463745,35372.561420440674,36061.442153930664,36750.32423400879,37439.20584106445,38080.16042327881,38721.11574554443,39362.07054901123,40003.026039123535,40643.98081970215
157,826.2574195861816,786.5131855010986,746.7689514160156,707.0247173309326,667.2804832458496,627.5362491607666,596.7560291290283,565.9758567810059,535.1955890655518,504.4153690338135,473.6351490020752,447.9515075683594,422.26786613464355,396.5842008590698,370.9005832672119,345.2169179916382,325.3474712371826,305.47802448272705,285.6085777282715,265.7391309738159,245.86968421936035
158,0,0,0,0,0,0,0,0,0,0,0,0,0,0,0,0,0,0,0,0,0
159,0,0,0,0,0,0,0,0,0,0,0,0,0,0,0,0,0,0,0,0,0
161,52920.369300842285,52667.90417480469,52415.43897628784,52162.973529815674,51910.50927734375,51658.04508590698,51097.29747390747,50536.55142211914,49975.80457305908,49415.058364868164,48854.31141281128,48490.47633743286,48126.64051818848,47762.80646896362,47398.97211074829,47035.13712310791,46925.48709869385,46815.83781051636,46706.18907546997,46596.540298461914,46486.89081573486
162,4786601.708158094,4857733.079863474,4928864.5039278995,4999995.876365147,5071127.269943812,5142258.66372694,5203302.923689516,5264347.21471766,5325391.461738921,5386435.745771081,5447480.018523778,5490048.393945577,5532616.737977121,5575185.143610151,5617753.504354791,5660321.850680121,5713385.534237744,5766449.21665169,5819512.8843524745,5872576.565146305,5925640.240796648
163,112898973.22967899,113792412.42797741,114685851.78981547,115579291.00240444,116472730.32968137,117366169.63221274,118252035.34391564,119137901.29889487,120023766.94603987,120909632.8420089,121795498.6307228,122483695.70226426,123171893.03225763,123860089.89570667,124548287.05483302,125236484.26397158,125855560.91610634,126474637.63746971,127093714.35034707,127712790.84619044,128331867.42466421
164,300541.1956958771,309317.8280534744,318094.47244381905,326871.1063338518,335647.7445811033,344424.38020694256,353829.5281076431,363234.6652920246,372639.80531835556,382044.9569039345,391450.0963728428,400673.8988099098,409897.70127797127,419121.4950520992,428345.29639935493,437569.10611343384,446846.5063328743,456123.8960940838,465401.3012444973,474678.68725538254,483956.08977270126
166,3077608.0305404663,3095906.4260406494,3114204.8103408813,3132503.194747925,3150801.575767517,3169099.9570236206,3183975.297973633,3198850.6677627563,3213725.9870529175,3228601.390449524,3243476.7121047974,3255674.8910827637,3267873.048599243,3280071.2397460938,3292269.421279907,3304467.579673767,3315403.867843628,3326340.144378662,3337276.4531707764,3348212.7617263794,3359149.061820984
167,821724.4856175007,821019.6294023367,820314.7961227689,819609.9451521626,818905.0995755009,818200.2521085637,819745.4495300502,821290.6502463487,822835.8544285139,824381.0482045165,825926.248405078,827997.4991780645,830068.7621999383,832140.0095200641,834211.2668490591,836282.5287659019,839575.9833330619,842869.4589527729,846162.9210079019,849456.385618174,852749.8503481415
168,461662.18989097327,463491.4078494683,465320.6258830428,467149.8344596997,468979.0498875752,470808.26818507165,475405.2279585302,480002.1935079098,484599.17645281553,489196.13772790134,493793.1111987829,498085.09244166315,502377.086041227,506669.0813280344,510961.0745664239,515253.0680436194,518956.1753357649,522659.2862844765,526362.4045683146,530065.5127118081,533768.6250994802
169,273225.10385352,281678.1788532622,290131.23597786203,298584.3111057058,307037.37247293815,315490.4467381574,319056.85463413596,322623.26953853667,326189.68864919245,329756.10317109525,333322.51875539124,336577.2311842963,339831.9481366128,343086.6799799651,346341.394197613,349596.10773423314,351486.03055972606,353375.9512540214,355265.8724888116,357155.7939948961,359045.7159427218
171,73318829.31234768,74498126.94614746,75677424.69149517,76856722.63799857,78036020.27171297,79215317.86364336,80187566.63390046,81159815.33900738,82132064.53326632,83104313.28320646,84076561.986911207,84977693.72935511,85878825.60158823,86779957.42301139,87681089.3443799,88582221.1633677,89394671.0925156,90207120.84686674,91019571.05257462,91832020.85410447,92644470.66849364
172,16734351.618888188,16948753.47235328,17163155.365763858,17377557.382467628,17591959.191984504,17806361.11261419,18026538.607652333,18246716.069114532,18466893.534452066,18687071.007671557,18907248.505454503,19145720.916338302,19384193.061660998,19622665.341010667,19861137.47387921,20099609.7512677,20337779.575144276,20575949.51092919,20814119.12991061,21052288.904818892,21290458.69035796
173,3280570.583311297,3288746.816590015,3296923.0059285983,3305099.1953395903,3313275.4193539433,3321451.5813462585,3337809.6637304462,3354167.7748473324,3370525.744771648,3386883.8687455803,3403241.9398250394,3421205.29074309,3439168.5678297505,3457131.9138258323,3475095.1735281534,3493058.486208217,3512445.8512778804,3531833.2205382846,3551220.5715723373,3570607.9458989054,3589995.289807354
174,3906035.593664244,3928527.3604123443,3951019.112343535,3973510.8691334724,3996002.566450238,4018494.335055098,4048892.4758434147,4079290.583245337,4109688.7198557407,4140086.8331204057,4170484.983201012,4203267.867548466,4236050.684424683,4268833.645294756,4301616.528883845,4334399.34928,4358685.948249012,4382972.488241434,4407259.13729395,4431545.673482284,4455832.285558462
175,6732938.071238518,6747324.824513674,6761711.616284132,6776098.428082705,6790485.196067572,6804871.974694729,6832088.459515572,6859304.91677618,6886521.369516373,6913737.839027166,6940954.272405624,6963759.621547222,6986564.914384127,7009370.224383831,7032175.521561861,7054980.85140872,7074212.930468321,7093445.078615427,7112677.156129837,7131909.261574984,7151141.344352961
176,9127471.748159409,9118839.92411375,9110208.0452919,9101576.21081686,9092944.324513912,9084312.53434372,9071284.416367054,9058256.405085087,9045228.328074932,9032200.286357403,9019172.31405878,9029235.430515766,9039298.59020567,9049361.913850784,9059425.063287258,9069488.300585747,9066537.105900288,9063585.908418179,9060634.749603748,9057683.537965775,9054732.350430965
177,12587203.696876526,12666009.069259644,12744814.465759277,12823619.81842804,12902425.22737503,12981230.585136414,13039311.94553566,13097393.274177551,13155474.579910278,13213555.898273468,13271637.272481918,13329552.063920975,13387466.78949356,13445381.513149261,13503296.263402939,13561211.071084976,13614684.485095978,13668157.96420288,13721631.316303253,13775104.809726715,13828578.20310402
178,3958840.0431466103,3964933.0101594925,3971025.986509323,3977118.9407663345,3983211.920902729,3989304.8878064156,3997868.221028805,4006431.5762577057,4014994.9225435257,4023558.2763109207,4032121.608127117,4038483.6687579155,4044845.740840435,4051207.789841175,4057569.861561775,4063931.921401024,4063835.030318737,4063738.131225586,4063641.255080223,4063544.370868206,4063447.466928482
179,19425356.610175155,19565499.95479127,19705643.35918405,19845786.68058785,19985930.040114187,20126073.40988537,20259376.367192775,20392679.284277298,20525982.261519834,20659285.16573506,20792588.1225639,20908476.23082022,21024364.22517904,21140252.324624836,21256140.36511324,21372028.431874357,21481879.283910792,21591730.105063617,21701580.920655865,21811431.784720935,21921282.626488686
180,48133748.665589206,48332520.976655185,48531293.37132559,48730065.68442985,48928838.18947157,49127610.47334925,49515476.84631415,49903343.26129058,50291209.62507819,50679075.96356651,51066942.27699441,51371605.623102285,51676268.71825944,51980931.858354285,52285595.06459051,52590258.21709885,52892230.27927005,53194202.126205385,53496174.063897684,53798145.88169439,54100117.96087791
181,3996547.919839084,4067491.587896526,4138435.2720888257,4209378.948760033,4280322.623290539,4351266.297668576,4431669.654441237,4512072.981490195,4592476.334498763,4672879.662386179,4753283.020607352,4762413.444733143,4771543.872257471,4780674.290407717,4789804.707447648,4798935.136697143,4830190.050440997,4861444.99917841,4892699.97140643,4923954.917494029,4955209.8611314
182,27961417.083435535,28417363.51175329,28873309.974072874,29329256.48521498,29785203.014990658,30241149.4194538,30652515.657649577,31063881.712123126,31475247.82341537,31886613.86614266,32297980.0413754,32265689.154059082,32233398.12556684,32201107.144799143,32168816.281603158,32136525.266104937,32181178.379962534,32225831.54818338,32270484.6868504,32315137.853166997,32359791.01947537
183,8899756.440210069,8952014.172411546,9004271.8561318,9056529.674919777,9108787.372875217,9161045.116645131,9196967.62684989,9232890.171255745,9268812.677824328,9304735.189855192,9340657.681334946,9316365.965627402,9292074.243898813,9267782.519712282,9243490.789381241,9219199.050591888,9202546.586926721,9185894.082871236,9169241.63911442,9152589.114558754,9135936.671101857
184,45903256.48280778,46077514.228595234,46251771.94134461,46426029.53062315,46600287.309858955,46774544.88220509,46853672.65839701,46932800.35940003,47011927.93549937,47091055.60450117,47170183.28643042,47133969.38888411,47097755.61591575,47061541.84989745,47025328.05215416,46989114.17027597,46911153.13192179,46833191.95514694,46755230.853737466,46677269.802808255,46599308.691642515
185,125793.11395263672,127089.47529602051,128385.8494720459,129682.19876098633,130978.57231140137,132274.93403625488,134338.91305541992,136402.9045562744,138466.89627075195,140530.87493896484,142594.85371398926,143307.15766906738,144019.4623413086,144731.7544555664,145444.05865478516,146156.36308288574,146756.3260192871,147356.2881011963,147956.25213623047,148556.2145690918,149156.17752075195
186,425730.46350479126,429250.86113262177,432771.265996933,436291.66376924515,439812.06376981735,443332.45666360855,447009.76657772064,450687.06142663956,454364.36757707596,458041.6699972153,461718.9762544632,464990.9045238495,468262.8256497383,471534.75045251846,474806.6746506691,478078.60153627396,480571.1671786308,483063.72299575806,485556.28799057007,488048.84109687805,490541.4083585739
187,2280355.941064,2279139.6370842457,2277923.3824617863,2276707.066535473,2275490.802630067,2274274.5046902895,2272146.596968174,2270018.7025396824,2267890.8242042065,2265762.911144018,2263635.0166270733,2260265.8026616573,2256896.5515829325,2253527.342275977,2250158.116703987,2246788.887265682,2243606.9698078632,2240425.0709011555,2237243.1245410442,2234061.2229192257,2230879.3045452833
188,418045.9935720861,419433.26128073037,420820.5231213644,422207.7879771739,423595.0523934886,424982.32105343044,428324.54552004486,431666.763306506,435008.9893247485,438351.2167630568,441693.4329932183,443329.2208243646,444964.9960324615,446600.7766434774,448236.55587995425,449872.34339692444,451161.9099337943,452451.4772463292,453741.0481244959,455030.6192730665,456320.18307265267
189,457074.5200624466,454389.65807437897,451704.80027770996,449019.93775987625,446335.0756621361,443650.2171149254,438835.89463853836,434021.5724365711,429207.2473883629,424392.92151618004,419578.59422802925,413964.58382725716,408350.5748746395,402736.562735796,397122.55909204483,391508.54555368423,390060.3215377331,388612.0892820358,387163.8521361351,385715.62308883667,384267.3996422291
190,647714.3026746884,700844.0525745284,753973.8018490896,807103.5616486184,860233.3060376421,913363.0619814955,1115847.7378192153,1318332.4078335222,1520817.101481866,1723301.7655060217,1925786.4669277258,2028077.4900764935,2130368.511033535,2232659.5390961245,2334950.5492810123,2437241.5941732153,2484431.3917906694,2531621.2067997456,2578811.003787011,2626000.8219853863,2673190.6214752756
191,2605615.4028191566,2689304.8447380066,2772994.248354435,2856683.6558117867,2940373.101053953,3024062.5216081142,3109693.449810505,3195324.3877921104,3280955.355312586,3366586.283285618,3452217.197696924,3559997.932682514,3667778.6706695557,3775559.3805263042,3883340.078565359,3991120.7849957943,4122508.298636198,4253895.821757555,4385283.385630369,4516670.889459372,4648058.41495657
192,154144.71566677094,159291.82413101196,164438.94048690796,169586.05819416046,174733.17393779755,179880.28182792664,185591.6339302063,191302.98779678345,197014.33784675598,202725.68880844116,208437.04159355164,216360.00442123413,224282.9782962799,232205.95132637024,240128.91717147827,248051.88539123535,255956.8349571228,263861.7877254486,271766.7301044464,279671.6781234741,287576.6298866272
193,1204881.7360515594,1234705.414021492,1264529.0882658958,1294352.7957315445,1324176.4699935913,1354000.1433258057,1389181.9987382889,1424363.8532633781,1459545.7077674866,1494727.580037117,1529909.4367876053,1573458.8619494438,1617008.3307976723,1660557.8166332245,1704107.2878484726,1747656.7428684235,1795124.110994339,1842591.5120573044,1890058.910572052,1937526.2763528824,1984993.6739854813
194,3379502.516242504,3441408.7859811783,3503315.040582657,3565221.3642492294,3627127.6398563385,3689033.9258937836,3790011.280240059,3890988.705546379,3991966.0554504395,4092943.467815876,4193920.8248844147,4320546.898628712,4447173.029692173,4573799.106908321,4700425.148192406,4827051.262338638,4977384.863972664,5127718.550436974,5278052.222197533,5428385.894255638,5578719.552000999
195,6490302.927408218,6614787.710697174,6739272.470733643,6863757.226251602,6988241.938381195,7112726.782600403,7263437.283527374,7414148.0664691925,7564858.841070175,7715569.536270142,7866280.123167038,8055668.378168106,8245056.615457535,8434444.99228096,8623833.211547852,8813221.427316666,9017009.72251892,9220798.155855179,9424586.479568481,9628374.908590317,9832163.240188599
196,20008487.759545326,20564065.101099014,21119642.2356081,21675219.526132584,22230796.731853485,22786374.022172928,23440651.756378174,24094929.599916458,24749207.3666687,25403485.332696915,26057763.09116745,26804079.540164948,27550396.05519867,28296712.534938812,29043029.052814484,29789345.58397293,30586546.828105927,31383748.043981552,32180949.3775959,32978150.480415344,33775351.707509995
197,3128342.580517769,3255140.653816223,3381938.710216522,3508736.683394432,3635534.615561962,3762332.697850704,3910504.401748657,4058676.358501911,4206848.141208649,4355019.902932644,4503191.667489052,4675112.799175739,4847033.93251133,5018955.0642204285,5190875.918039322,5362797.300300598,5556915.103755474,5751033.134644985,5945151.053973198,6139269.321594715,6333387.214424133
198,827862.1296746135,841828.8978126645,855795.6607760787,869762.4367155433,883729.190089941,897695.9554229975,911599.6163281202,925503.2513578534,939406.8793277144,953310.5146815181,967214.1488716006,980575.4960685372,993936.8004280925,1007298.1288637519,1020659.4516160488,1034020.7774547935,1044943.6629465222,1055866.5240789652,1066789.3731074333,1077712.2560015917,1088635.1368191838
199,149107.67818927765,148959.87117099762,148812.0733127594,148664.26480960846,148516.46174049377,148368.65607833862,148870.48672485352,149372.31198883057,149874.13654136658,150375.96389007568,150877.7958869934,151810.0654182434,152742.33530044556,153674.60309410095,154606.87672042847,155539.1485042572,156430.85453605652,157322.55980110168,158214.26635742188,159105.97122573853,159997.6772556305
200,2297550.1108851284,2614014.8175399117,2930479.5987877473,3246944.348661892,3563409.09510684,3879873.869491048,4476116.913811266,5072360.013302222,5668603.088440493,6264846.174700208,6861089.260479204,7895393.844869159,8929698.53342536,9964003.129074194,10998307.781745829,12032612.336035646,13541309.596952043,15050006.35704261,16558703.692748591,18067400.55757805,19576097.730570614
202,7064576.832019806,7353504.166274309,7642431.519137502,7931358.958409905,8220286.260465741,8509213.636549473,8901940.357793808,9294667.097124338,9687393.933279753,10080120.719660401,10472847.395994306,10974145.809458971,11475444.331658006,11976742.780590057,12478041.119392157,12979339.607643604,13594353.213465929,14209366.91164422,14824380.537558079,15439394.117728472,16054407.704486609
203,182252078.80739307,184460341.9006424,186668604.60346317,188876867.3543253,191085129.60782146,193293392.27004147,195284302.47708416,197275212.0854864,199266122.4828825,201257032.29346466,203247942.4520645,204968660.81636715,206689379.37522697,208410097.61478615,210130816.42082977,211851534.8932724,213466614.76752472,215081694.32254982,216696774.14237785,218311854.26864433,219926934.3622532
204,28464607.558361053,28888606.751091957,29312605.99219227,29736604.8654356,30160604.095526695,30584603.289616585,30865208.61168003,31145813.921100616,31426419.089591026,31707024.506441116,31987629.723557472,32280013.9436121,32572398.090928078,32864782.072612762,33157166.37737274,33449550.425243378,33725773.19508457,34001995.81213379,34278218.42207909,34554440.96507645,34830663.73572159
205,14241413.120650768,14618504.929203987,14995596.733551979,15372688.492963314,15749780.357432365,16126872.15569067,16369212.43116808,16611552.609791279,16853892.963784695,17096233.19192314,17338573.46028042,17551100.114203453,17763626.838890076,17976153.48019409,18188680.157972336,18401206.94907379,18598936.316687584,18796665.90084076,18994395.41067505,19192124.936444283,19389854.396422386
206,24200876.796790414,24720089.923197754,25239302.99953409,25758516.158210296,26277729.274838656,26796942.349127386,27309106.166896358,27821269.96033216,28333433.60469254,28845597.407051787,29357761.259298727,29850010.20680695,30342259.400289506,30834508.324723706,31326757.38743837,31819006.438390687,32278642.24814301,32738278.23989477,33197914.08529415,33657550.07155628,34117185.98213107
207,50465426.10567713,50909859.609521985,51354293.46013987,51798727.02789855,52243160.59753382,52687594.143918514,53099598.35443878,53511602.73289013,53923607.00706601,54335611.14822674,54747615.45516884,55211801.32617068,55675987.150972486,56140173.29258335,56604359.133281946,57068544.77244353,57418270.622261524,57767996.67612076,58117722.4728421,58467448.54787409,58817174.22302973
208,4759283.7446632385,4895018.832746506,5030753.996143341,5166489.135217667,5302224.167019844,5437959.387647629,5573815.0072078705,5709670.681256294,5845526.39356041,5981382.019002914,6117237.695187569,6237865.829116821,6358493.963267326,6479122.1422472,6599750.227751732,6720378.389216423,6811259.627004623,6902140.90175724,6993022.163866043,7083903.407550812,7174784.602676392
209,279123762.01116025,282993412.7119812,286863063.4895569,290732715.11223036,294602365.6383887,298472016.45243144,302630865.8630176,306789715.5533776,310948565.0533813,315107414.28857064,319266263.955264,323716156.8487153,328166050.3780217,332615943.1714637,337065836.5469631,341515729.867841,345828796.14209056,350141863.0331129,354454929.2016288,358767995.32797825,363081061.78112304
210,131828306.77032995,132094481.86675215,132360657.03442454,132626832.44582725,132893007.70474982,133159182.93337321,133232067.81487513,133304953.13979805,133377838.12885928,133450723.71020567,133523608.22400796,133368685.12987816,133213762.46956933,133058839.70743775,132903916.82987106,132748993.7807051,132428968.75162768,132108943.20692956,131788918.32727802,131468893.07605696,131148868.03844762
212,908012.6203131676,930686.0697360039,953359.5032849312,976032.9562010765,998706.3913836479,1021379.8454537392,1049982.8609218597,1078585.931842804,1107188.9679112434,1135791.9968767166,1164395.0417385101,1192241.593884945,1220088.1649479866,1247934.7425189018,1275781.3068065643,1303627.856748581,1332205.8341341019,1360783.793047905,1389361.7894620895,1417939.7079381943,1446517.6759901047
214,20164001.858237803,20566464.629739366,20968927.1414341,21371389.83746559,21773852.60522612,22176315.161490098,22591344.02266027,23006372.77177221,23421401.561207652,23836430.45861779,24251459.164941836,24775385.945193365,25299313.11346776,25823239.958180632,26347166.998324458,26871093.92795296,27310833.78404444,27750573.591697197,28190313.339957148,28630053.057573617,29069792.85572009
215,963441.7479906082,983985.1035532951,1004528.4576386213,1025071.8320225477,1045615.180044651,1066158.5731172562,1095655.6488443613,1125152.7003895044,1154649.818366766,1184146.8763091564,1213643.9840331078,1246300.6894767284,1278957.3952023983,1311614.1284835339,1344270.8473615646,1376927.5490589142,1410453.7968757153,1443980.017816782,1477506.172929287,1511032.4223899841,1544558.6585822105
216,187717847.46681172,190431850.3682797,193145851.52836868,195859854.0108736,198573855.81243747,201287857.85180047,204112911.68738735,206937965.16757905,209763019.78506833,212588073.61973983,215413127.48363847,218328079.34889525,221243031.66425592,224157984.0703106,227072936.26417148,229987888.16691726,232569615.77016014,235151343.46631593,237733070.57141048,240314798.88472658,242896525.61669648
218,8767337.993180526,8831001.617240138,8894665.247286825,8958328.853182398,9021992.500190787,9085656.145093799,9164925.005787166,9244193.927605122,9323462.84529562,9402731.732622055,9482000.650717098,9555728.638444148,9629456.611448357,9703184.558911012,9776912.580286883,9850640.560252858,9913577.053027285,9976513.481446644,10039450.009898577,10102386.450901888,10165322.93874792
219,23111.380255699158,23111.682317495346,23111.984318733215,23112.288701057434,23112.59080338478,23112.894160032272,23132.71646785736,23152.5403342247,23172.364555358887,23192.188680887222,23212.01097345352,23230.72528243065,23249.43858885765,23268.15450000763,23286.868081092834,23305.581321954727,23402.643545866013,23499.70586657524,23596.768869638443,23693.831268787384,23790.893948316574
220,81969.58728027344,81993.32876586914,82017.07022094727,82040.8139038086,82064.55838012695,82088.30078125,82097.21643066406,82106.13482666016,82115.0492553711,82123.96856689453,82132.88470458984,84480.8486328125,86828.81536865234,89176.78173828125,91524.74548339844,93872.71105957031,94926.53076171875,95980.344482421875,97034.16314697266,98087.97491455078,99141.79290771484
221,167011.28936767578,171353.88311767578,175696.46075439453,180039.04782104492,184381.62496948242,188724.2088623047,192367.4805908203,196010.74807739258,199654.0205078125,203297.28811645508,206940.55688476562,211922.54525756836,216904.53274536133,221886.52792358398,226868.52182006836,231850.51275634766,236472.27154541016,241094.01791381836,245715.7716064453,250337.52758789062,254959.28396606445
222,7842438.389645174,7886214.597292066,7929990.804920793,7973767.010350674,8017543.214576408,8061319.423379168,8140414.403045595,8219509.392678574,8298604.366729245,8377699.373340324,8456794.371712834,8545021.66758436,8633248.984784067,8721476.263994664,8809703.588935807,8897930.888549775,8976899.817107216,9055868.77344802,9134837.701155335,9213806.665403053,9292775.576948792
223,5352029.825021811,5387357.050793663,5422684.239395633,5458011.435698211,5493338.693939939,5528665.8802265525,5596305.176361449,5663944.4991840795,5731583.836193539,5799223.133746937,5866862.464928694,5947558.849945195,6028255.261483319,6108951.692426547,6189648.130143426,6270344.520415902,6342472.468282551,6414600.394196689,6486728.257024564,6558856.174752288,6630984.136715509
224,6282157.510124391,6361176.0041718185,6440194.443955276,6519212.889726955,6598231.3675754815,6677249.805749595,6748044.437447449,6818839.075122986,6889633.748274803,6960428.370405227,7031222.987321891,7093976.998040821,7156731.032763146,7219485.042024668,7282239.046907876,7344993.032309376,7393683.957490522,7442374.821819186,7491065.748536069,7539756.597847726,7588447.505271565
227,224784.69149780273,226607.31686401367,228429.94862365723,230252.57595825195,232075.20343017578,233897.83102416992,235648.11476135254,237398.39573669434,239148.68298339844,240898.9568939209,242649.23979187012,244062.83532714844,245476.41871643066,246890.0184020996,248303.60411071777,249717.198928833,251046.83239746094,252376.46409606934,253706.0984802246,255035.73553466797,256365.3652496338
228,169890.8968887329,170350.35457992554,170809.80637550354,171269.25785255432,171728.70980072021,172188.166973114,172519.05934524536,172849.95587348938,173180.85509681702,173511.74926185608,173842.64448547363,173861.33283424377,173880.02479553223,173898.71089363098,173917.40100097656,173936.08619880676,173841.01792526245,173745.9504699707,173650.89167404175,173555.82114982605,173460.7539806366
231,1001221.4960711002,1038820.5903112888,1076419.6909604073,1114018.772008419,1151617.871973753,1189216.9696679115,1210601.146132946,1231985.3164088726,1253369.4852073193,1274753.6597473621,1296137.8350224495,1333410.7236807346,1370683.6026649475,1407956.4853725433,1445229.3649792671,1482502.2610862255,1522128.0871827602,1561753.9120836258,1601379.758383751,1641005.5645756721,1680631.4027280807
232,408511.2039670944,410213.2262506485,411915.2491297722,413617.2707211971,415319.29558324814,417021.31851005554,417817.0195083618,418612.7262868881,419408.4315690994,420204.1305093765,420999.8317821026,421061.52796411514,421123.21059441566,421184.8939948082,421246.5841419697,421308.2740249634,420578.8390676975,419849.4045393467,419119.9664719105,418390.5322947502,417661.0935897827
237,63265.35817527771,64973.77606201172,66682.19447135925,68390.6121711731,70099.03052711487,71807.44825935364,72421.99272346497,73036.53686904907,73651.08236312866,74265.62608337402,74880.17081832886,76109.3275051117,77338.48366737366,78567.64008331299,79796.79590415955,81025.95258140564,82070.98156166077,83116.0109539032,84161.04049491882,85206.06937408447,86251.0992527008
244,315785.3103944063,313443.26395845413,311101.2091447115,308759.1602342129,306417.104857564,304075.05916953087,311339.96545624733,318604.887922287,325869.7988899946,333134.7161833048,340399.63071382046,343371.6454088688,346343.6738741398,349315.68354058266,352287.7081708908,355259.7243386507,356647.23825120926,358034.74429404736,359422.2495827675,360809.7549595833,362197.2688931227
245,25764.365608215332,25752.748023986816,25741.131786346436,25729.51535797119,25717.89912033081,25706.281536102295,28013.8182220459,30321.354080200195,32628.890243530273,34936.42664337158,37243.962787628174,38600.9991645813,39958.03462982178,41315.07285308838,42672.1091003418,44029.1455039978,44557.28775024414,45085.43051147461,45613.5680770874,46141.70980834961,46669.854637145996
247,480745.023830764,489889.25245667994,499033.4650221616,508177.69252518564,517321.90505079925,526466.1290424392,535612.4848797917,544758.8404231668,553905.2005152255,563051.5570309311,572197.9071198329,580885.0265985131,589572.1488510296,598259.2565553114,606946.3809687346,615633.4996863753,623550.7936564833,631468.1078632101,639385.405908756,647302.7129650712,655220.0193791986
248,7892.1947021484375,7815.5972900390625,7739.0006103515625,7662.4024658203125,7585.8057861328125,7509.2083740234375,8082.3636474609375,8655.518753051758,9228.6734619140625,9801.8287353515625,10374.983840942383,10639.247314453125,10903.50991821289,11167.7724609375,11432.0361328125,11696.29833984375,11721.604446411133,11746.909423828125,11772.21499633789,11797.519775390625,11822.82534790039
249,9822.079818725586,9910.700141906738,9999.32046508789,10087.941520690918,10176.56184387207,10265.182167053223,11327.853912353516,12390.525657653809,13453.195976257324,14515.868614196777,15578.53857421875,16321.030471801758,17063.520584106445,17806.0099029541,18548.50001525879,19290.990127563477,19716.54229736328,20142.094787597656,20567.64695739746,20993.199447631836,21418.75161743164
250,173824.15824890137,177275.54537582397,180726.92877197266,184178.31706237793,187629.70349884033,191081.0892944336,191707.48447418213,192333.88000106812,192960.26849365234,193586.66399002075,194213.05715179443,195177.91008758545,196142.75131607056,197107.60390853882,198072.45002365112,199037.29634475708,199741.97455978394,200446.64795684814,201151.3236579895,201855.9954624176,202560.67168807983
255,105619.0606303662,106098.17502352595,106577.29071116447,107056.40909615159,107535.52578769624,108014.63968788087,108480.47253854573,108946.30259242654,109412.1319924593,109877.96119649708,110343.79476800561,110684.49381396174,111025.19317869842,111365.89290109277,111706.5926271826,112047.29200023413,112161.32732900977,112275.36250858009,112389.40336126089,112503.43874436617,112617.47394537926
260,0,0,0,0,0,0,0,0,0,0,0,0,0,0,0,0,0,0,0,0,0
261,0,0,0,0,0,0,0,0,0,0,0,0,0,0,0,0,0,0,0,0,0
262,0,0,0,0,0,0,0,0,0,0,0,0,0,0,0,0,0,0,0,0,0
263,0,0,0,0,0,0,0,0,0,0,0,0,0,0,0,0,0,0,0,0,0
264,0,0,0,0,0,0,0,0,0,0,0,0,0,0,0,0,0,0,0,0,0
266,0,0,0,0,0,0,0,0,0,0,0,0,0,0,0,0,0,0,0,0,0
267,0,0,0,0,0,0,0,0,0,0,0,0,0,0,0,0,0,0,0,0,0
269,0,0,0,0,0,0,0,0,0,0,0,0,0,0,0,0,0,0,0,0,0
270,0,0,0,0,0,0,0,0,0,0,0,0,0,0,0,0,0,0,0,0,0
272,0.19191453978419304,0.19012939929962158,0.1883442960679531,0.18655915558338165,0.18477405235171318,0.18298891186714172,0.1817946769297123,0.18060045316815376,0.17940621823072433,0.1782119832932949,0.17701775580644608,0.17599333822727203,0.17496895790100098,0.17394455149769783,0.17292015999555588,0.17189576104283333,0.17065037786960602,0.1694050133228302,0.16815964877605438,0.16691428422927856,0.16566890105605125
273,0,0,0,0,0,0,0,0,0,0,0,0,0,0,0,0,0,0,0,0,0
274,0,0,0,0,0,0,0,0,0,0,0,0,0,0,0,0,0,0,0,0,0
275,0,0,0,0,0,0,0,0,0,0,0,0,0,0,0,0,0,0,0,0,0
276,0,0,0,0,0,0,0,0,0,0,0,0,0,0,0,0,0,0,0,0,0
277,0,0,0,0,0,0,0,0,0,0,0,0,0,0,0,0,0,0,0,0,0
314,201.54839277267456,207.04755663871765,212.546715259552,218.04587697982788,223.5450394153595,229.04420137405396,234.7211766242981,240.39815521240234,246.07512712478638,251.75210046768188,257.42907547950745,263.39097714424133,269.35286569595337,275.3147633075714,281.27665972709656,287.23855447769165,293.4331388473511,299.6277265548706,305.82232332229614,312.0169153213501,318.21150064468384
317,24497.092836916447,24688.858653634787,24880.62441211939,25072.390571385622,25264.15626859665,25455.921742916107,25650.841695010662,25845.761476308107,26040.680999606848,26235.600692868233,26430.520406633615,26640.353972911835,26850.187125086784,27060.02016532421,27269.853533506393,27479.687120825052,27654.411305695772,27829.13570895791,28003.859857916832,28178.58435204625,28353.308629870415
323,1785.7318801879883,1778.9522018432617,1772.172492980957,1765.3928146362305,1758.6130485534668,1751.833293914795,1745.2566566467285,1738.679931640625,1732.1031494140625,1725.526439666748,1718.9497756958008,1715.4663352966309,1711.9829406738281,1708.4995460510254,1705.0160903930664,1701.532657623291,1694.7321319580078,1687.9315643310547,1681.1311416625977,1674.3305892944336,1667.5301132202148
329,21330.02931022644,21569.737047195435,21809.44380760193,22049.15181159973,22288.85835838318,22528.56630897522,22711.227466583252,22893.888570785522,23076.551580429077,23259.21232032776,23441.87357711792,23570.60443496704,23699.33487701416,23828.06597137451,23956.796674728394,24085.5272731781,24158.806762695312,24232.08713722229,24305.36620903015,24378.64658355713,24451.92573738098
248100,0,0,0,0,0,0,0,0,0,0,0,0,0,0,0,0,0,0,0,0,0
248200,0,0,0,0,0,0,0,0,0,0,0,0,0,0,0,0,0,0,0,0,0
248300,0,0,0,0,0,0,0,0,0,0,0,0,0,0,0,0,0,0,0,0,0
248400,0,0,0,0,0,0,0,0,0,0,0,0,0,0,0,0,0,0,0,0,0
248500,0,0,0,0,0,0,0,0,0,0,0,0,0,0,0,0,0,0,0,0,0
248600,0,0,0,0,0,0,0,0,0,0,0,0,0,0,0,0,0,0,0,0,0
258410,0,0,0,0,0,0,0,0,0,0,0,0,0,0,0,0,0,0,0,0,0
258420,0,0,0,0,0,0,0,0,0,0,0,0,0,0,0,0,0,0,0,0,0
258431,0,0,0,0,0,0,0,0,0,0,0,0,0,0,0,0,0,0,0,0,0
258432,0,0,0,0,0,0,0,0,0,0,0,0,0,0,0,0,0,0,0,0,0
258441,0,0,0,0,0,0,0,0,0,0,0,0,0,0,0,0,0,0,0,0,0
258442,0,0,0,0,0,0,0,0,0,0,0,0,0,0,0,0,0,0,0,0,0
258510,0,0,0,0,0,0,0,0,0,0,0,0,0,0,0,0,0,0,0,0,0
258520,0,0,0,0,0,0,0,0,0,0,0,0,0,0,0,0,0,0,0,0,0
258600,0,0,0,0,0,0,0,0,0,0,0,0,0,0,0,0,0,0,0,0,0
258700,0,0,0,0,0,0,0,0,0,0,0,0,0,0,0,0,0,0,0,0,0
288100,0,0,0,0,0,0,0,0,0,0,0,0,0,0,0,0,0,0,0,0,0
288200,0,0,0,0,0,0,0,0,0,0,0,0,0,0,0,0,0,0,0,0,0
288300,0,0,0,0,0,0,0,0,0,0,0,0,0,0,0,0,0,0,0,0,0
