rgn_id,year,pcgdp
1,2005,35139.9383391423
1,2006,35606.99835510055
1,2007,36668.884856602104
1,2008,36606.32477793605
1,2009,36717.81885416415
1,2010,36791.6278063566
1,2011,37314.35485958775
1,2012,38061.86287375745
1,2013,38450.093474144
1,2014,39001.264350455254
1,2015,39616.54099691585
1,2016,40135.026310691304
1,2017,40367.2763442667
2,2005,35139.9383391423
2,2006,35606.99835510055
2,2007,36668.884856602104
2,2008,36606.32477793605
2,2009,36717.81885416415
2,2010,36791.6278063566
2,2011,37314.35485958775
2,2012,38061.86287375745
2,2013,38450.093474144
2,2014,39001.264350455254
2,2015,39616.54099691585
2,2016,40135.026310691304
2,2017,40367.2763442667
3,2005,35139.9383391423
3,2006,35606.99835510055
3,2007,36668.884856602104
3,2008,36606.32477793605
3,2009,36717.81885416415
3,2010,36791.6278063566
3,2011,37314.35485958775
3,2012,38061.86287375745
3,2013,38450.093474144
3,2014,39001.264350455254
3,2015,39616.54099691585
3,2016,40135.026310691304
3,2017,40367.2763442667
4,2005,35139.9383391423
4,2006,35606.99835510055
4,2007,36668.884856602104
4,2008,36606.32477793605
4,2009,36717.81885416415
4,2010,36791.6278063566
4,2011,37314.35485958775
4,2012,38061.86287375745
4,2013,38450.093474144
4,2014,39001.264350455254
4,2015,39616.54099691585
4,2016,40135.026310691304
4,2017,40367.2763442667
5,2005,31100
5,2006,31100
5,2007,31100
5,2008,31100
5,2009,31100
5,2010,31100
5,2011,31100
5,2012,31100
5,2013,31100
5,2014,31100
5,2015,31100
5,2016,31100
5,2017,31100
6,2005,2609.53986421055
6,2006,2761.0236716848
6,2007,2833.64304478738
6,2008,2944.26145975446
6,2009,2970.033065384
6,2010,2948.03293729183
6,2011,2915.29988538
6,2012,2899.16441518651
6,2013,2890.1893902081
6,2014,2892.34160435097
6,2015,2806.7896863444
6,2016,2856.47531029292
6,2017,2921.90867553046
7,2005,1680.50647819996
7,2006,1754.17543456193
7,2007,1838.59284623088
7,2008,1924.00148909198
7,2009,1791.82854492608
7,2010,1871.36935209356
7,2011,2071.8920905768
7,2012,2119.46796833251
7,2013,2137.00395228146
7,2014,2139.56074060145
7,2015,2149.22163239839
7,2016,2179.2321173534
7,2017,2205.92320480796
8,2005,14192.4041634682
8,2006,13740.5998026042
8,2007,13735.7410507823
8,2008,12783.5191643963
8,2009,12031.8104093558
8,2010,11846.5739334318
8,2011,12518.7130312209
8,2012,12915.3434288284
8,2013,12621.0192943112
8,2014,12854.5227021631
8,2015,14028.6806245988
8,2016,13896.5829646234
8,2017,13240.4048103124
9,2005,3255.20463182086
9,2006,3266.69921291057
9,2007,3221.06312805464
9,2008,3167.71662996746
9,2009,3220.97630144598
9,2010,3297.65693360804
9,2011,3412.90655368719
9,2012,3343.87635487685
9,2013,3208.68287379986
9,2014,3130.054449859
9,2015,3271.26702149826
9,2016,3253.47975532675
9,2017,3299.46385570395
10,2005,1971.698343727272
10,2006,2960.3453710284084
10,2007,3984.034708854
10,2008,5384.92234588644
10,2009,5852.41709857247
10,2010,6592.43683574598
10,2011,7339.30436698258
10,2012,7905.08875483864
10,2013,10078.3913558214
10,2014,12561.4463359568
10,2015,12270.2975919501
10,2016,12950.5289813432
10,2017,12895.6345072345
11,2005,3235.77452443644
11,2006,3280.81341038314
11,2007,3396.81886309467
11,2008,3335.7630227933
11,2009,3274.79420051252
11,2010,3479.15530340683
11,2011,3513.29121329955
11,2012,3626.42477787669
11,2013,3720.95811631551
11,2014,3685.46257438709
11,2015,3665.3753730567
11,2016,3730.33398854254
11,2017,3819.20211986181
12,2005,9571.428476165245
12,2006,9658.462997694849
12,2007,9840.07797100453
12,2008,9883.179904387414
12,2009,9828.93748517299
12,2010,9957.448409451652
12,2011,10214.670823740153
12,2012,10391.68708160537
12,2013,10709.553042689742
12,2014,11140.657200170592
12,2015,11333.37524774422
12,2016,11430.568385459894
12,2017,11338.860997627786
13,2005,32797.3288240126
13,2006,32797.3288240126
13,2007,32797.3288240126
13,2008,32797.3288240126
13,2009,32797.3288240126
13,2010,32797.3288240126
13,2011,32797.3288240126
13,2012,32797.3288240126
13,2013,32797.3288240126
13,2014,32797.3288240126
13,2015,32797.3288240126
13,2016,32797.3288240126
13,2017,32797.3288240126
14,2005,49800
14,2006,49800
14,2007,49800
14,2008,49800
14,2009,49800
14,2010,49800
14,2011,49800
14,2012,49800
14,2013,49800
14,2014,49800
14,2015,49800
14,2016,49800
14,2017,49800
15,2005,4778.97121990362
15,2006,4941.59893100572
15,2007,5181.00346755226
15,2008,5309.44218816514
15,2009,5284.86526060313
15,2010,5596.83728794962
15,2011,5707.20484248535
15,2012,5988.80438781105
15,2013,6306.74606641414
15,2014,6585.89594870884
15,2015,6874.58256551739
15,2016,7233.20610317139
15,2017,7599.18806040387
16,2005,38928.0407567854
16,2006,39445.1329184684
16,2007,40680.1896301231
16,2008,41331.5279733539
16,2009,41266.8663842235
16,2010,41464.0400696359
16,2011,41894.1730524786
16,2012,42754.4562863267
16,2013,43118.0861274364
16,2014,43547.1974836868
16,2015,43923.2582693466
16,2016,44493.4808943831
16,2017,44648.7099113362
17,2005,2695.61793063697
17,2006,2691.17091356052
17,2007,2918.71581974746
17,2008,2841.83903456387
17,2009,2965.22658764605
17,2010,3191.58041028301
17,2011,3155.4035683482
17,2012,3230.31872155431
17,2013,3282.46375079355
17,2014,3709.08164370316
17,2015,3824.72982109678
17,2016,3817.7808091091
17,2017,3823.19379963882
18,2005,7426.77876327393
18,2006,7513.21710556967
18,2007,7383.26406948114
18,2008,7384.0860570468
18,2009,7208.00511111528
18,2010,7352.08836002372
18,2011,7488.82938057572
18,2012,7537.92621279034
18,2013,7839.87477752644
18,2014,8222.25378436842
18,2015,8477.64472981588
18,2016,8447.26417897152
18,2017,8702.97532202106
19,2005,2876.5779550709
19,2006,2906.22380408069
19,2007,3058.80034422878
19,2008,3272.0068380223
19,2009,3096.71525808925
19,2010,2986.44985588888
19,2011,3181.60172302733
19,2012,3031.89896826432
19,2013,3143.11011437206
19,2014,3159.48606505392
19,2015,3419.20346835308
19,2016,3492.497412426
19,2017,3575.10382120986
20,2005,25516.8241870414
20,2006,26697.0326128912
20,2007,28013.7044173449
20,2008,28588.3721177634
20,2009,28642.8379022063
20,2010,30352.1048190303
20,2011,31228.5106952266
20,2012,31776.8970259682
20,2013,32548.7155154884
20,2014,33425.6895931418
20,2015,34177.6544703221
20,2016,35020.4115062331
20,2017,35938.3742161469
21,2005,1700
21,2006,1700
21,2007,1700
21,2008,1700
21,2009,1700
21,2010,1700
21,2011,1700
21,2012,1700
21,2013,1700
21,2014,1700
21,2015,1700
21,2016,1700
21,2017,1700
24,2005,1969.29117771877
24,2006,2148.33268830403
24,2007,2332.72684570598
24,2008,2452.2781590927
24,2009,2417.87628133189
24,2010,2522.92682475402
24,2011,2658.70924674351
24,2012,2807.00705507884
24,2013,2964.19717041472
24,2014,3124.31929344274
24,2015,3290.95245385442
24,2016,3465.12556490306
24,2017,3645.06952060093
25,2005,11525.3773939815
25,2006,12024.6718264241
25,2007,12607.081108633
25,2008,12757.1578402025
25,2009,12605.373118766
25,2010,13486.5624149548
25,2011,13535.1332681194
25,2012,14448.3050078354
25,2013,14771.4667544542
25,2014,14857.202932021
25,2015,15252.2282530581
25,2016,15705.8065994744
25,2017,16277.6711509397
26,2005,20059.024963282987
26,2006,21116.97403751148
26,2007,21631.17923677456
26,2008,21389.501973182967
26,2009,20828.551901492367
26,2010,22080.602585156405
26,2011,22835.41627908863
26,2012,23231.250003390684
26,2013,23303.157129605428
26,2014,23205.570805423304
26,2015,23513.88941491672
26,2016,23568.93582848453
26,2017,24119.705328539287
28,2005,1471.55941417734
28,2006,1474.82742892889
28,2007,1451.4216109325
28,2008,1422.62234877284
28,2009,1415.84568986876
28,2010,1412.50268663997
28,2011,1414.61172325694
28,2012,1422.22948677119
28,2013,1437.00490702868
28,2014,1432.08874813164
28,2015,1413.05927704673
28,2016,1411.15233885964
28,2017,1413.890036328
29,2005,4692.876005701799
29,2006,4960.320551945417
29,2007,5273.4753162232055
29,2008,5237.087937655838
29,2009,5254.113618600111
29,2010,5411.983898855485
29,2011,5757.140716385193
29,2012,5823.935196450299
29,2013,6006.844857047209
29,2014,6171.540035221017
29,2015,6328.250878231965
29,2016,6512.470224631202
29,2017,6695.245669052349
30,2005,4692.876005701799
30,2006,4960.320551945417
30,2007,5273.4753162232055
30,2008,5237.087937655838
30,2009,5254.113618600111
30,2010,5411.983898855485
30,2011,5757.140716385193
30,2012,5823.935196450299
30,2013,6006.844857047209
30,2014,6171.540035221017
30,2015,6328.250878231965
30,2016,6512.470224631202
30,2017,6695.245669052349
31,2005,17812.2799483131
31,2006,19086.4536945142
31,2007,20968.2166760999
31,2008,20064.3023983281
31,2009,19764.8070873945
31,2010,20365.1189331513
31,2011,22556.5825709346
31,2012,22618.012385661
31,2013,23540.3803788991
31,2014,24221.1442592803
31,2015,24856.5599036553
31,2016,25630.7100889485
31,2017,26382.2873463186
32,2005,4692.876005701799
32,2006,4960.320551945417
32,2007,5273.4753162232055
32,2008,5237.087937655838
32,2009,5254.113618600111
32,2010,5411.983898855485
32,2011,5757.140716385193
32,2012,5823.935196450299
32,2013,6006.844857047209
32,2014,6171.540035221017
32,2015,6328.250878231965
32,2016,6512.470224631202
32,2017,6695.245669052349
33,2005,4692.876005701799
33,2006,4960.320551945417
33,2007,5273.4753162232055
33,2008,5237.087937655838
33,2009,5254.113618600111
33,2010,5411.983898855485
33,2011,5757.140716385193
33,2012,5823.935196450299
33,2013,6006.844857047209
33,2014,6171.540035221017
33,2015,6328.250878231965
33,2016,6512.470224631202
33,2017,6695.245669052349
34,2005,4692.876005701799
34,2006,4960.320551945417
34,2007,5273.4753162232055
34,2008,5237.087937655838
34,2009,5254.113618600111
34,2010,5411.983898855485
34,2011,5757.140716385193
34,2012,5823.935196450299
34,2013,6006.844857047209
34,2014,6171.540035221017
34,2015,6328.250878231965
34,2016,6512.470224631202
34,2017,6695.245669052349
35,2005,4692.876005701799
35,2006,4960.320551945417
35,2007,5273.4753162232055
35,2008,5237.087937655838
35,2009,5254.113618600111
35,2010,5411.983898855485
35,2011,5757.140716385193
35,2012,5823.935196450299
35,2013,6006.844857047209
35,2014,6171.540035221017
35,2015,6328.250878231965
35,2016,6512.470224631202
35,2017,6695.245669052349
36,2005,4692.876005701799
36,2006,4960.320551945417
36,2007,5273.4753162232055
36,2008,5237.087937655838
36,2009,5254.113618600111
36,2010,5411.983898855485
36,2011,5757.140716385193
36,2012,5823.935196450299
36,2013,6006.844857047209
36,2014,6171.540035221017
36,2015,6328.250878231965
36,2016,6512.470224631202
36,2017,6695.245669052349
37,2005,12441.7354604277
37,2006,13441.2059560097
37,2007,14146.3984162769
37,2008,14854.6433818509
37,2009,15306.3880091552
37,2010,15938.4192089782
37,2011,16561.7709831855
37,2012,17093.3209320904
37,2013,17628.8293745855
37,2014,18255.8697234297
37,2015,18864.1056624868
37,2016,19567.4896610354
37,2017,20292.7446336139
38,2005,6748.1250009371615
38,2006,7358.27285290166
38,2007,7794.120101803448
38,2008,7994.52443046251
38,2009,7884.944582341197
38,2010,8268.157017953785
38,2011,8594.491462801821
38,2012,8519.85440757539
38,2013,8690.694376419631
38,2014,9041.069234708555
38,2015,9145.091438045563
38,2016,9741.15286132248
38,2017,10153.446448904122
39,2005,9274.06074404208
39,2006,11390.7350981655
39,2007,11951.8141101857
39,2008,12744.7831900058
39,2009,11508.4022593141
39,2010,12005.5046183167
39,2011,12664.990676931
39,2012,12611.5858744878
39,2013,13148.7319744621
39,2014,13737.4141581271
39,2015,13705.0053545604
39,2016,14231.5341514479
39,2017,15183.6163982888
40,2005,6476.24010263354
40,2006,6921.24594431401
40,2007,7339.19707295823
40,2008,7723.23923297697
40,2009,7945.07181659882
40,2010,8529.57144219453
40,2011,9193.35950890696
40,2012,9980.02295248445
40,2013,10238.7115357179
40,2014,10650.3901782483
40,2015,11079.710677356
40,2016,11445.4643648867
40,2017,11669.0766785045
41,2005,742.424003693258
41,2006,791.927644030124
41,2007,826.162668025628
41,2008,857.526881720011
41,2009,885.738517628024
41,2010,917.763832040531
41,2011,954.799116244546
41,2012,994.124894186689
41,2013,1034.58942311209
41,2014,1079.82386564737
41,2015,1118.22284417198
41,2016,1127.34726420517
41,2017,1136.10256446235
42,2005,1389.50091191832
42,2006,1417.27858258664
42,2007,1462.85832281912
42,2008,1523.01987327079
42,2009,1421.18847235777
42,2010,1385.68507168039
42,2011,1367.54308214295
42,2012,1370.95027466491
42,2013,1364.34590907905
42,2014,1372.02096124513
42,2015,1377.16821269101
42,2016,1396.6696154848
42,2017,1416.43950728464
43,2005,2224.03100052712
43,2006,2303.83126354822
43,2007,2394.83764423226
43,2008,2335.25240659113
43,2009,2347.19799206794
43,2010,2476.01074216401
43,2011,2556.96287205963
43,2012,2602.59768726764
43,2013,2683.04583290269
43,2014,2753.23613475312
43,2015,2835.99661032872
43,2016,2926.53250207873
43,2017,2993.02844847527
44,2005,4692.876005701799
44,2006,4960.320551945417
44,2007,5273.4753162232055
44,2008,5237.087937655838
44,2009,5254.113618600111
44,2010,5411.983898855485
44,2011,5757.140716385193
44,2012,5823.935196450299
44,2013,6006.844857047209
44,2014,6171.540035221017
44,2015,6328.250878231965
44,2016,6512.470224631202
44,2017,6695.245669052349
45,2005,1628.86986333777
45,2006,1574.35215810445
45,2007,1563.48830246365
45,2008,1384.10360505986
45,2009,1411.84139684816
45,2010,1416.36580154238
45,2011,1510.45892910899
45,2012,1380.946805005624
45,2013,1351.5592185261266
45,2014,1322.1716320466294
45,2015,1292.7840455671321
45,2016,1263.3964590876349
45,2017,1234.0088726081376
46,2005,2705.40558882684
46,2006,2705.40558882684
46,2007,2705.40558882684
46,2008,2705.40558882684
46,2009,2705.40558882684
46,2010,2705.40558882684
46,2011,2705.40558882684
46,2012,2705.40558882684
46,2013,2705.40558882684
46,2014,2705.40558882684
46,2015,2705.40558882684
46,2016,2705.40558882684
46,2017,2705.40558882684
47,2005,4155.37575742728
47,2006,4170.09516517723
47,2007,4192.2109860541
47,2008,4227.58030117972
47,2009,4272.81166532081
47,2010,4478.7435991429
47,2011,3805.23791665455
47,2012,3793.41211814511
47,2013,3872.78535688239
47,2014,3766.80525494897
47,2015,2308.63658440647
47,2016,1479.14700530618
47,2017,2504.437657776987
48,2005,41458.3778872571
48,2006,42472.5320853321
48,2007,43034.6566544313
48,2008,44938.9404412344
48,2009,45635.9593785609
48,2010,45335.8525168436
48,2011,42121.4319219198
48,2012,43030.1778127648
48,2013,41924.8081017031
48,2014,40365.2732623193
48,2015,39873.3856042969
48,2016,39883.9536508277
48,2017,37960.7091885335
49,2005,2712.89040420772
49,2006,2907.36095611183
49,2007,3158.47797249906
49,2008,3317.85603979627
49,2009,3338.22897790026
49,2010,3366.09626107549
49,2011,3631.66345577089
49,2012,4097.06862211094
49,2013,4177.33565333641
49,2014,4188.33481399507
49,2015,4290.37224949542
49,2016,4386.35257858328
49,2017,4466.5067547565905
50,2005,45538.4979692735
50,2006,45527.2678008895
50,2007,45130.1395601036
50,2008,46678.5535324512
50,2009,44481.4717570939
50,2010,45421.2284797446
50,2011,48524.6324875473
50,2012,49658.6526994629
50,2013,49537.5857290988
50,2014,49958.4433361471
50,2015,50723.7126450691
50,2016,50423.0134931014
50,2017,49045.4112618159
51,2005,93469.543135341
51,2006,96244.3367147652
51,2007,96870.4278183535
51,2008,93698.4616047025
51,2009,81922.5371179812
51,2010,75204.145116617
51,2011,77459.5383056761
51,2012,77618.000344705
51,2013,74084.5214359763
51,2014,70832.3683645207
51,2015,68476.3250405689
51,2016,68861.7920978832
51,2017,65530.5365781216
52,2005,43201.8066853191
52,2006,42673.0806319225
52,2007,42755.4262028945
52,2008,42218.1484889764
52,2009,40717.1804076523
52,2010,40570.5356928307
52,2011,40164.5827403304
52,2012,40960.3331839838
52,2013,42680.2013445965
52,2014,43837.3440580026
52,2015,43926.474036316
52,2016,43642.9725745003
52,2017,43290.7045180745
53,2005,4013.42703325029
53,2006,4174.97961065467
53,2007,4288.33146300042
53,2008,4273.03512307329
53,2009,4304.46917151952
53,2010,4283.60731163635
53,2011,4309.76371307112
53,2012,4367.45199617273
53,2013,4464.09028934546
53,2014,4576.2270153496
53,2015,4695.69987892337
53,2016,4857.16871756739
53,2017,5034.70775633353
54,2005,91798.2599095519
54,2006,88086.3573793506
54,2007,78830.2766449812
54,2008,71314.6688194048
54,2009,60769.8610283776
54,2010,57232.6180757649
54,2011,58363.6782159597
54,2012,59419.0894908505
54,2013,61688.3802986273
54,2014,63943.1858285789
54,2015,66569.4034144417
54,2016,67705.9493287962
54,2017,67293.4827590288
55,2005,26273.240434502335
55,2006,27005.72099664904
55,2007,27761.34068421516
55,2008,28037.58783146489
55,2009,26946.5636794798
55,2010,27024.54850477698
55,2011,26890.240342829813
55,2012,26366.209092980265
55,2013,26297.507572883518
55,2014,26687.219325058453
55,2015,27306.615358682946
55,2016,27839.169868890636
55,2017,28564.935937883543
56,2005,4643.45538406626
56,2006,4949.22589963308
56,2007,5633.93311014845
56,2008,5944.03882515291
56,2009,5806.64623179574
56,2010,5828.24158804338
56,2011,5991.77849034175
56,2012,5986.93905418941
56,2013,5963.90797720204
56,2014,5928.19902479817
56,2015,5915.12263339166
56,2016,6065.27874039611
56,2017,6222.55416600772
57,2005,26273.240434502335
57,2006,27005.72099664904
57,2007,27761.34068421516
57,2008,28037.58783146489
57,2009,26946.5636794798
57,2010,27024.54850477698
57,2011,26890.240342829813
57,2012,26366.209092980265
57,2013,26297.507572883518
57,2014,26687.219325058453
57,2015,27306.615358682946
57,2016,27839.169868890636
57,2017,28564.935937883543
58,2005,26273.240434502335
58,2006,27005.72099664904
58,2007,27761.34068421516
58,2008,28037.58783146489
58,2009,26946.5636794798
58,2010,27024.54850477698
58,2011,26890.240342829813
58,2012,26366.209092980265
58,2013,26297.507572883518
58,2014,26687.219325058453
58,2015,27306.615358682946
58,2016,27839.169868890636
58,2017,28564.935937883543
59,2005,39802.9722724017
59,2006,40532.2730382074
59,2007,41623.4417399595
59,2008,41619.3400813337
59,2009,40355.5731175835
59,2010,41085.9189401366
59,2011,41248.725342013
59,2012,41046.481185763
59,2013,40928.136605999
59,2014,41360.3955755286
59,2015,41708.2123401731
59,2016,42083.6443038217
59,2017,42658.57617009
60,2005,61700
60,2006,61700
60,2007,61700
60,2008,61700
60,2009,61700
60,2010,61700
60,2011,61700
60,2012,61700
60,2013,61700
60,2014,61700
60,2015,61700
60,2016,61700
60,2017,61700
61,2005,8802.94311824389
61,2006,9179.48914582559
61,2007,9698.42363931683
61,2008,10003.2994929286
61,2009,10195.576513237
61,2010,10436.3655998628
61,2011,10120.6771726065
61,2012,10404.2240863288
61,2013,10579.1228847912
61,2014,10767.0276518537
61,2015,10765.8862472411
61,2016,10761.5145274606
61,2017,10849.2973861625
62,2005,5361.66283419226
62,2006,5700.92332732755
62,2007,5834.01224051593
62,2008,6106.84544477839
62,2009,6287.87064386865
62,2010,6443.25361319481
62,2011,6688.40260633548
62,2012,6791.3351346285
62,2013,6995.93818558948
62,2014,7078.88148932392
62,2015,7296.93440143191
62,2016,7285.90832106945
62,2017,7485.01295069865
63,2005,2500
63,2006,2500
63,2007,2500
63,2008,2500
63,2009,2500
63,2010,2500
63,2011,2500
63,2012,2500
63,2013,2500
63,2014,2500
63,2015,2500
63,2016,2500
63,2017,2500
64,2005,2985.69069814797
64,2006,3449.96015555249
64,2007,3448.64870958749
64,2008,3388.83543285186
64,2009,3259.07635021784
64,2010,3316.97478042488
64,2011,3371.99458202082
64,2012,3462.56176015693
64,2013,3565.5219994799
64,2014,3655.38850923143
64,2015,3601.61422339351
64,2016,3572.28039224539
64,2017,3597.63253011137
65,2005,1533.2496416409
65,2006,1501.8007721957
65,2007,1507.69858256951
65,2008,1544.52973966332
65,2009,1593.0165545416
65,2010,1644.24236613493
65,2011,1524.7687739658
65,2012,1560.33027640216
65,2013,1584.75359055635
65,2014,1550.21843235512
65,2015,1568.03602545372
65,2016,1554.89713835209
65,2017,1561.76684287663
66,2005,2107.68011244763
66,2006,2102.47524076867
66,2007,2147.44003823346
66,2008,2166.24105005464
66,2009,2157.397796523
66,2010,2183.99505141766
66,2011,2158.18118164724
66,2012,2187.17908969923
66,2013,2195.96385449253
66,2014,2218.55191733521
66,2015,2293.85353926578
66,2016,2379.45126362328
66,2017,2470.57958207519
67,2005,26044.501407613
67,2006,27318.9952721523
67,2007,28621.6268991361
67,2008,28983.5172282465
67,2009,28435.1842229499
67,2010,29630.2221484622
67,2011,11192.7906388431
67,2012,24956.3751492994
67,2013,21570.2704917885
67,2014,16371.9021546442
67,2015,14847.197052437201
67,2016,14298.4550473411
67,2017,17881.5093512674
68,2005,26343.5853566467
68,2006,26727.7781690565
68,2007,27696.5057321353
68,2008,28437.7378612324
68,2009,27529.1929675627
68,2010,28364.7993209208
68,2011,28618.5025877957
68,2012,29131.7309126448
68,2013,30050.1311421569
68,2014,31846.1895357267
68,2015,34087.0815138045
68,2016,35058.4307800792
68,2017,36513.323442225
69,2005,17522.2676891768
69,2006,19786.2214213667
69,2007,21939.0743549416
69,2008,21384.3134623671
69,2009,18609.3328365261
69,2010,18251.9532813473
69,2011,19773.3837201521
69,2012,20827.9116046572
69,2013,21563.7214275874
69,2014,22172.2535081352
69,2015,23018.8161056707
69,2016,23743.2578198778
69,2017,25063.8455453213
70,2005,22807.1827469547
70,2006,25298.6460499249
70,2007,27383.4695578858
70,2008,25968.9728072711
70,2009,22187.9264018728
70,2010,22740.9720038708
70,2011,24543.0674715452
70,2012,25691.9996357991
70,2013,26282.9088374806
70,2014,27113.6859213723
70,2015,27549.5813697378
70,2016,28109.81704489
70,2017,29481.2518067978
71,2005,12419.9287524048
71,2006,13374.9176654173
71,2007,14463.1832606638
71,2008,15442.1517427308
71,2009,14984.6063822361
71,2010,15283.2914751664
71,2011,15676.1505350579
71,2012,15772.0965861223
71,2013,15997.3568038333
71,2014,16302.3205614307
71,2015,17000.1780380679
71,2016,17794.5427573699
71,2017,18563.3066168958
72,2005,14582.5743141039
72,2006,15850.9059432791
72,2007,17190.955929274
72,2008,18923.6336248379
72,2009,17954.1312356988
72,2010,17553.2832966444
72,2011,17997.8841310604
72,2012,18302.0262899717
72,2013,19018.870777865
72,2014,19677.5202527307
72,2015,20556.0036423363
72,2016,21670.7047886072
72,2017,23313.1993431851
73,2005,19325.9357374432
73,2006,20970.1899029846
73,2007,22798.9708291525
73,2008,24005.9966846095
73,2009,22121.8524916537
73,2010,23107.7852212759
73,2011,24310.0439655517
73,2012,25156.4209403618
73,2013,25551.0899736309
73,2014,25284.5862019855
73,2015,24516.5499502712
73,2016,24416.6238784033
73,2017,24765.9536336261
74,2005,4902.09293431362
74,2006,5432.07754056497
74,2007,6183.34349236755
74,2008,6408.06033535279
74,2009,6254.86760822712
74,2010,6733.78376130988
74,2011,7315.0908976643
74,2012,7881.32904812669
74,2013,8254.01076569103
74,2014,8749.15618927352
74,2015,9025.13314265612
74,2016,9276.76624499826
74,2017,9745.07890399104
75,2005,7246.35102662269
75,2006,7828.08117885872
75,2007,8497.05949643504
75,2008,8739.68607684231
75,2009,7479.34216961634
75,2010,7824.49845171438
75,2011,8281.86712612352
75,2012,8322.17303436674
75,2013,8338.91505034601
75,2014,8243.47351509088
75,2015,7464.93983359294
75,2016,7668.0557761534
75,2017,7894.39292578581
76,2005,16309.6832526955
76,2006,17250.7717300974
76,2007,17901.4779322987
76,2008,17836.8051929596
76,2009,16783.4414679524
76,2010,17959.2591065745
76,2011,19660.8894895655
76,2012,20282.0283759489
76,2013,21650.7567664874
76,2014,22401.8804311394
76,2015,23388.4813019367
76,2016,23756.4842864984
76,2017,25129.3406487777
77,2005,2900
77,2006,2900
77,2007,2900
77,2008,2900
77,2009,2900
77,2010,2900
77,2011,2900
77,2012,2900
77,2013,2900
77,2014,2900
77,2015,2900
77,2016,2900
77,2017,2900
78,2005,12269.3209716692
78,2006,12243.7880937944
78,2007,13293.1284153697
78,2008,14597.6257552497
78,2009,15788.407323114
78,2010,16451.7598336606
78,2011,15693.6872834493
78,2012,15057.2870260009
78,2013,14400.6408049367
78,2014,13831.3752293893
78,2015,13352.7133932764
78,2016,13267.8856986827
78,2017,13367.5650219298
79,2005,26761.2304619564
79,2006,27662.3457586937
79,2007,28744.3565597032
79,2008,29082.0688545181
79,2009,28787.4986881339
79,2010,29743.0058727916
79,2011,30558.3912790325
79,2012,30582.1537050861
79,2013,31250.8020070636
79,2014,31702.0835366295
79,2015,32024.3527705394
79,2016,32688.4081041526
79,2017,33132.3203044888
80,2005,29559.2813870956
80,2006,31136.4469589464
80,2007,32073.9603960134
80,2008,31881.7123475428
80,2009,30430.419418438
80,2010,28726.0792836873
80,2011,26141.3195918975
80,2012,24364.2690631745
80,2013,23746.0845699961
80,2014,24081.6305378246
80,2015,24170.3018369872
80,2016,24211.7408896851
80,2017,24574.382476123
81,2005,33663.0690464581
81,2006,34599.2466726855
81,2007,35503.1839376327
81,2008,35960.5836227822
81,2009,34387.5691687776
81,2010,33941.3559541782
81,2011,33192.5929772985
81,2012,31690.906253488
81,2013,29879.7590683813
81,2014,29786.3656529772
81,2015,30549.2971275221
81,2016,31442.440292726398
81,2017,32415.1322300794
82,2005,7733.006932655
82,2006,8204.5882455338
82,2007,8754.56951284933
82,2008,9153.78820562203
82,2009,9524.64930321377
82,2010,9927.18184117512
82,2011,10207.7646993323
82,2012,10369.8233819184
82,2013,10492.8062825121
82,2014,10701.1207857986
82,2015,10970.4522447693
82,2016,11356.3413288171
82,2017,11803.4305936025
84,2005,12322.4842607049
84,2006,12348.4812120361
84,2007,12570.6547026998
84,2008,12660.4032440006
84,2009,12647.5403044562
84,2010,12870.6026985154
84,2011,12990.345016498
84,2012,13161.9616734309
84,2013,13253.6154761387
84,2014,13483.3378622219
84,2015,13724.723852895
84,2016,13921.1800218255
84,2017,13913.8393634819
85,2005,7800
85,2006,7800
85,2007,7800
85,2008,7800
85,2009,7800
85,2010,7800
85,2011,7800
85,2012,7800
85,2013,7800
85,2014,7800
85,2015,7800
85,2016,7800
85,2017,7800
86,2005,7800
86,2006,7800
86,2007,7800
86,2008,7800
86,2009,7800
86,2010,7800
86,2011,7800
86,2012,7800
86,2013,7800
86,2014,7800
86,2015,7800
86,2016,7800
86,2017,7800
88,2005,7800
88,2006,7800
88,2007,7800
88,2008,7800
88,2009,7800
88,2010,7800
88,2011,7800
88,2012,7800
88,2013,7800
88,2014,7800
88,2015,7800
88,2016,7800
88,2017,7800
89,2005,NaN
89,2006,NaN
89,2007,NaN
89,2008,NaN
89,2009,NaN
89,2010,NaN
89,2011,NaN
89,2012,NaN
89,2013,NaN
89,2014,NaN
89,2015,NaN
89,2016,NaN
89,2017,NaN
90,2005,NaN
90,2006,NaN
90,2007,NaN
90,2008,NaN
90,2009,NaN
90,2010,NaN
90,2011,NaN
90,2012,NaN
90,2013,NaN
90,2014,NaN
90,2015,NaN
90,2016,NaN
90,2017,NaN
91,2005,NaN
91,2006,NaN
91,2007,NaN
91,2008,NaN
91,2009,NaN
91,2010,NaN
91,2011,NaN
91,2012,NaN
91,2013,NaN
91,2014,NaN
91,2015,NaN
91,2016,NaN
91,2017,NaN
92,2005,NaN
92,2006,NaN
92,2007,NaN
92,2008,NaN
92,2009,NaN
92,2010,NaN
92,2011,NaN
92,2012,NaN
92,2013,NaN
92,2014,NaN
92,2015,NaN
92,2016,NaN
92,2017,NaN
93,2005,NaN
93,2006,NaN
93,2007,NaN
93,2008,NaN
93,2009,NaN
93,2010,NaN
93,2011,NaN
93,2012,NaN
93,2013,NaN
93,2014,NaN
93,2015,NaN
93,2016,NaN
93,2017,NaN
94,2005,NaN
94,2006,NaN
94,2007,NaN
94,2008,NaN
94,2009,NaN
94,2010,NaN
94,2011,NaN
94,2012,NaN
94,2013,NaN
94,2014,NaN
94,2015,NaN
94,2016,NaN
94,2017,NaN
95,2005,70800
95,2006,70800
95,2007,70800
95,2008,70800
95,2009,70800
95,2010,70800
95,2011,70800
95,2012,70800
95,2013,70800
95,2014,70800
95,2015,70800
95,2016,70800
95,2017,70800
96,2005,1061.51022420989
96,2006,1070.3476085678
96,2007,1124.54118131593
96,2008,1156.41938302148
96,2009,1165.88792649948
96,2010,1199.98985027502
96,2011,1246.25278946773
96,2012,1402.69709443095
96,2013,1655.12177901564
96,2014,1692.14206707555
96,2015,1314.2737277159
96,2016,1363.86357140879
96,2017,1390.30026748482
97,2005,597.8870313949
97,2006,624.045492325395
97,2007,656.871761987963
97,2008,674.984836775238
97,2009,683.061442184947
97,2010,699.653721510599
97,2011,734.326273753035
97,2012,771.905426241558
97,2013,818.589390755607
97,2014,804.719886747093
97,2015,785.246886654737
97,2016,753.557379048622
97,2017,752.787839463112
98,2005,1180.41621747941
98,2006,1195.74022905956
98,2007,1190.58014147093
98,2008,1184.60185124385
98,2009,1193.51308313547
98,2010,1208.2812098328
98,2011,1233.834912194
98,2012,1259.33447441608
98,2013,1275.1954508456
98,2014,1315.3402595533
98,2015,1351.05396273243
98,2016,1388.49614248697
98,2017,1429.81342674593
99,2005,1735.97415014991
99,2006,1752.95773973829
99,2007,1805.62256823782
99,2008,1841.18844650837
99,2009,1831.88182729151
99,2010,1818.77846075906
99,2011,1820.89469315629
99,2012,1855.95311837934
99,2013,1934.64910749687
99,2014,2001.0772890116
99,2015,1987.14191963108
99,2016,2009.61832073663
99,2017,2064.23633398033
100,2005,4742.93598023691
100,2006,4875.93729603982
100,2007,4637.21291552922
100,2008,4730.0337965244
100,2009,4918.07201183644
100,2010,5186.34478845194
100,2011,5213.94692099844
100,2012,5271.16806023104
100,2013,5317.08629189111
100,2014,5538.05294137178
100,2015,5542.89298198573
100,2016,5250.86760824979
100,2017,4881.40574395234
101,2005,7259.82502791187
101,2006,7684.32119324159
101,2007,8097.5508536234
101,2008,8207.70498040061
101,2009,8113.87411694377
101,2010,8460.84736812378
101,2011,8721.25552382066
101,2012,8967.16315170522
101,2013,9255.65653184869
101,2014,9617.3969565111
101,2015,9975.12546960707
101,2016,9825.59926991324
101,2017,9541.80829205217
102,2005,10783.1949595734
102,2006,11261.9597607127
102,2007,11741.3531497987
102,2008,11989.8600536776
102,2009,11676.0449366292
102,2010,11887.8050343927
102,2011,12118.7378564659
102,2012,12215.2518670855
102,2013,12339.7323984344
102,2014,12389.7146679241
102,2015,12377.6592598329
102,2016,12286.6971248333
102,2017,12294.8761402351
103,2005,2227.48914254042
103,2006,2374.12640919794
103,2007,2394.66376690976
103,2008,2531.52812872415
103,2009,2533.74792288632
103,2010,2641.51394847294
103,2011,2695.62954237131
103,2012,2718.16354288886
103,2013,2785.73404562888
103,2014,2902.69337151762
103,2015,2947.51097130132
103,2016,3003.7684460833502
103,2017,3052.71374319686
104,2005,31372.0827947348
104,2006,32300.7371415936
104,2007,35570.7250735463
104,2008,40015.8191935871
104,2009,38738.1520306425
104,2010,33723.3658030152
104,2011,34363.1529063453
104,2012,35632.0456431947
104,2013,32736.0974323694
104,2014,31542.5107726021
104,2015,27554.1998664377
104,2016,24240.4282992522
104,2017,22604.8732922993
105,2005,NaN
105,2006,NaN
105,2007,NaN
105,2008,NaN
105,2009,NaN
105,2010,NaN
105,2011,NaN
105,2012,NaN
105,2013,NaN
105,2014,NaN
105,2015,NaN
105,2016,NaN
105,2017,NaN
106,2005,2539.32925405114
106,2006,2632.02782784559
106,2007,2675.44354385531
106,2008,2845.23455162685
106,2009,2907.54693340227
106,2010,3059.38362640541
106,2011,3404.45956595241
106,2012,3632.4456798839
106,2013,3807.34265346415
106,2014,3868.60089371873
106,2015,3926.70904479081
106,2016,3982.76946707348
106,2017,4227.62984443235
107,2005,8287.850237051689
107,2006,8626.737765141068
107,2007,8961.30123373242
107,2008,9188.601507381369
107,2009,8906.302171049361
107,2010,9154.512529021622
107,2011,9503.89949603973
107,2012,9855.132461274643
107,2013,10030.728338827776
107,2014,10258.359233109286
107,2015,10522.529289608256
107,2016,10732.94760141753
107,2017,10941.54588549808
108,2005,56017.19161965
108,2006,58784.5932914465
108,2007,60117.4599095649
108,2008,60675.9820859495
108,2009,57151.9191321066
108,2010,56395.0078003539
108,2011,54984.5103947777
108,2012,52137.3003731125
108,2013,50669.3147696996
108,2014,51669.23164157593
108,2015,50737.89398374292
108,2016,49806.55632591015
108,2017,48875.21866807714
110,2005,32401.1397170847
110,2006,32565.7070339875
110,2007,32409.6870428625
110,2008,31080.1580119056
110,2009,29263.8032456101
110,2010,29221.9911816149
110,2011,28941.0282297787
110,2012,29395.6197182314
110,2013,28871.3582593754
110,2014,28456.8165292476
110,2015,28407.1258158807
110,2016,27613.5179396955
110,2017,27717.8472975209
111,2005,29100
111,2006,29100
111,2007,29100
111,2008,29100
111,2009,29100
111,2010,29100
111,2011,29100
111,2012,29100
111,2013,29100
111,2014,29100
111,2015,29100
111,2016,29100
111,2017,29100
112,2005,12300
112,2006,12300
112,2007,12300
112,2008,12300
112,2009,12300
112,2010,12300
112,2011,12300
112,2012,12300
112,2013,12300
112,2014,12300
112,2015,12300
112,2016,12300
112,2017,12300
113,2005,49903.0285395752
113,2006,49903.0285395752
113,2007,49903.0285395752
113,2008,49903.0285395752
113,2009,49903.0285395752
113,2010,49903.0285395752
113,2011,49903.0285395752
113,2012,49903.0285395752
113,2013,49903.0285395752
113,2014,49903.0285395752
113,2015,49903.0285395752
113,2016,49903.0285395752
113,2017,49903.0285395752
114,2005,1561.96045078811
114,2006,1572.30243476809
114,2007,1599.80240128378
114,2008,1588.67796790177
114,2009,1613.08796209673
114,2010,1502.03271141224
114,2011,1562.27887385753
114,2012,1584.832465652
114,2013,1629.35891818513
114,2014,1652.85480345734
114,2015,1651.22844549164
114,2016,1654.17053675815
114,2017,1653.17250369424
115,2005,9011.51214795477
115,2006,9697.82317584018
115,2007,10271.2212866926
115,2008,10455.4832082501
115,2009,10412.6009980459
115,2010,11132.5526905467
115,2011,11333.5470863931
115,2012,11494.9497125256
115,2013,11907.2048572126
115,2014,12663.0422473566
115,2015,13395.916802055
115,2016,14120.2116371665
115,2017,14600.8605841474
116,2005,35375.2319565633
116,2006,35024.5904864366
116,2007,34820.809493627
116,2008,34379.7274443101
116,2009,33892.8380041531
116,2010,33924.0540101397
116,2011,34195.6408473957
116,2012,34622.0500216126
116,2013,34913.6227379677
116,2014,35066.0463763697
116,2015,35291.8442055799
116,2016,35044.6697057835
116,2017,34840.19505258966
117,2005,34200
117,2006,34200
117,2007,34200
117,2008,34200
117,2009,34200
117,2010,34200
117,2011,34200
117,2012,34200
117,2013,34200
117,2014,34200
117,2015,34200
117,2016,34200
117,2017,34200
118,2005,12200
118,2006,12200
118,2007,12200
118,2008,12200
118,2009,12200
118,2010,12200
118,2011,12200
118,2012,12200
118,2013,12200
118,2014,12200
118,2015,12200
118,2016,12200
118,2017,12200
119,2005,22127.6471339884
119,2006,22254.3818312425
119,2007,21959.3990512715
119,2008,23086.4714259289
119,2009,22145.4968121143
119,2010,21412.201453108
119,2011,21689.3038856002
119,2012,21319.2349593295
119,2013,22399.0922436491
119,2014,23483.0123814268
119,2015,24169.8599207362
119,2016,24463.6172536033
119,2017,24654.3854011216
120,2005,20289.710866338
120,2006,22606.8409092144
120,2007,24408.1815224456
120,2008,24111.3770844998
120,2009,20942.3011801149
120,2010,19212.7201307541
120,2011,18605.3167543472
120,2012,19047.2002426242
120,2013,18823.754452753
120,2014,19573.8341184873
120,2015,20154.9474879241
120,2016,21013.0176273358
120,2017,21490.9426586166
121,2005,34e3
121,2006,34e3
121,2007,34e3
121,2008,34e3
121,2009,34e3
121,2010,34e3
121,2011,34e3
121,2012,34e3
121,2013,34e3
121,2014,34e3
121,2015,34e3
121,2016,34e3
121,2017,34e3
122,2005,11328.9903059026
122,2006,11910.7406250196
122,2007,11892.8623891151
122,2008,12421.8635799009
122,2009,12436.0140880266
122,2010,12123.8351390475
122,2011,12112.4001267958
122,2012,12064.7657204415
122,2013,12415.731047823
122,2014,12335.5365091956
122,2015,12522.0402294371
122,2016,12671.2580549212
122,2017,12951.8388772691
123,2005,8844.29323726118
123,2006,9080.26143283469
123,2007,9634.76714644605
123,2008,10302.827696304
123,2009,10160.1521122304
123,2010,10198.2733729326
123,2011,10135.2740298011
123,2012,9981.10113521016
123,2013,9871.67266472041
123,2014,10255.2170538776
123,2015,9941.89492456624
123,2016,10151.3425573111
123,2017,9673.36696180547
124,2005,16151.558492638
124,2006,17008.2632546541
124,2007,17244.7530697379
124,2008,17189.2322515527
124,2009,16433.456640994
124,2010,16417.9624523108
124,2011,16472.0832008577
124,2012,16463.7649991959
124,2013,16409.917090424
124,2014,16359.1907380369
124,2015,16458.1035290088
124,2016,16741.3797629383
124,2017,16978.0676859393
125,2005,11893.8208227539
125,2006,11384.6571288633
125,2007,12043.5898980472
125,2008,12117.6480583066
125,2009,11276.4865609013
125,2010,11177.9997155594
125,2011,11220.828366136
125,2012,11048.5042871569
125,2013,11262.6987963032
125,2014,12038.4708733182
125,2015,12757.9662533519
125,2016,13167.0521552704
125,2017,13593.8769176008
126,2005,26429.3452767889
126,2006,29777.5670461916
126,2007,31047.5348427206
126,2008,31951.0205997441
126,2009,30403.8100160769
126,2010,31260.9070471763
126,2011,31012.7164187128
126,2012,31254.788733625
126,2013,31405.4462731689
126,2014,31181.8211959284
126,2015,31524.5886221099
126,2016,29540.8742983584
126,2017,28763.0707623686
127,2005,9318.46317404478
127,2006,10019.8811264098
127,2007,9848.7486364134
127,2008,10494.0103411324
127,2009,10265.4594518142
127,2010,9915.57761891195
127,2011,9871.64857733634
127,2012,10009.130829096
127,2013,10193.2726221624
127,2014,10290.1109592114
127,2015,10468.2627383175
127,2016,10583.0539712116
127,2017,10727.146072995
129,2005,11937.6038819869
129,2006,12735.5570188441
129,2007,14006.1727650097
129,2008,15113.2544161645
129,2009,15031.2992316266
129,2010,15628.5922438738
129,2011,17093.8399788617
129,2012,18441.3515076818
129,2013,19377.9056188575
129,2014,20017.9943624961
129,2015,20786.6596878595
129,2016,21472.6901894809
129,2017,22267.0368216362
130,2005,11025.4767645764
130,2006,11656.2142927348
130,2007,12433.2015967063
130,2008,12834.9361639356
130,2009,12543.9779041253
130,2010,12999.9921931442
130,2011,13397.2305422386
130,2012,13878.0474026459
130,2013,14035.2879800483
130,2014,14372.4007814474
130,2015,14738.6076210904
130,2016,15195.001412292
130,2017,15524.9945630542
131,2005,3772.09514698325
131,2006,3864.69348550989
131,2007,4008.00836144647
131,2008,4092.06141219441
131,2009,3906.98910729919
131,2010,4028.71208738128
131,2011,4231.49751775883
131,2012,4453.25351745962
131,2013,4618.72719135384
131,2014,4784.83046366078
131,2015,4956.92129771835
131,2016,5130.58029479392
131,2017,5321.44351591724
132,2005,9263.73017273061
132,2006,9760.13492630678
132,2007,10306.9474882958
132,2008,10547.2603938218
132,2009,10599.9626049907
132,2010,10900.5052821616
132,2011,11496.4777054381
132,2012,11840.2404334565
132,2013,12296.2955351848
132,2014,12715.9673914398
132,2015,12985.3831345266
132,2016,13135.0098987578
132,2017,13254.9492184779
133,2005,3697.16985429204
133,2006,3852.21373403826
133,2007,4002.20516646456
133,2008,4084.29869915323
133,2009,3904.45951854827
133,2010,3971.18299352727
133,2011,4046.07625166556
133,2012,4136.82205775887
133,2013,4177.58027107278
133,2014,4231.32506716223
133,2015,4319.47011829831
133,2016,4406.77353237576
133,2017,4541.79525706075
134,2005,5936.61903991398
134,2006,6166.29637639285
134,2007,6253.15152049523
134,2008,6358.13298149425
134,2009,6198.30449948129
134,2010,6300.77538777337
134,2011,6511.44372701893
134,2012,6663.81162246577
134,2013,6789.86000305449
134,2014,6890.72322429183
134,2015,7019.59178870445
134,2016,7164.14349682179
134,2017,7292.45780376927
135,2005,15791.537030606
135,2006,16258.540047288
135,2007,16371.7515483187
135,2008,16293.0312963038
135,2009,15185.5373863453
135,2010,15715.9721449501
135,2011,16049.3642444704
135,2012,16394.6306748922
135,2013,16385.0596087185
135,2014,16622.5970457658
135,2015,16938.6054057995
135,2016,17206.6343224392
135,2017,17336.469071694
136,2005,6269.15558477064
136,2006,6458.00089052801
136,2007,6713.1464445112
136,2008,6781.89963683618
136,2009,6669.99987459337
136,2010,6714.06359554651
136,2011,6844.4956401592
136,2012,6899.10873916764
136,2013,7005.02692845274
136,2014,7147.42922806486
136,2015,7292.71910386634
136,2016,7368.61032177815
136,2017,7423.80759192956
137,2005,8607.76540862608
137,2006,8837.38068581679
137,2007,8879.63685410589
137,2008,9285.8644065728
137,2009,9183.55255782892
137,2010,9352.34423681593
137,2011,9926.90344109607
137,2012,10322.1789023463
137,2013,10665.4625828373
137,2014,10901.4185562194
137,2015,10749.1288738874
137,2016,10424.2641539122
137,2017,10581.9364286536
138,2005,7595.27184649886
138,2006,8067.89867793666
138,2007,8649.08066302637
138,2008,9323.3539382107
138,2009,9308.6747887501
138,2010,9956.55663668307
138,2011,10449.0932552031
138,2012,10943.9192691962
138,2013,11430.2557839627
138,2014,11547.8342162709
138,2015,11770.0344482345
138,2016,12082.1680106024
138,2017,12236.7061519677
139,2005,14948.1251071126
139,2006,16149.480337739
139,2007,17275.959356947
139,2008,17897.0984623898
139,2009,17053.9313125971
139,2010,16544.9720552598
139,2011,16981.3354907118
139,2012,17678.81249659
139,2013,17665.2399979234
139,2014,16745.0219796981
139,2015,17745.3445597103
139,2016,17900.134905167273
139,2017,18054.92525062425
140,2005,22811.060983397547
140,2006,23274.8796164335
140,2007,23511.824105914882
140,2008,23613.489555434186
140,2009,23035.60287825658
140,2010,22924.798990003575
140,2011,22855.82388804731
140,2012,22780.971972326086
140,2013,22795.91487678548
140,2014,22974.1862668356
140,2015,23078.373990562737
140,2016,23043.932629771673
140,2017,23042.400043412315
141,2005,4e4
141,2006,4e4
141,2007,4e4
141,2008,4e4
141,2009,4e4
141,2010,4e4
141,2011,4e4
141,2012,4e4
141,2013,4e4
141,2014,4e4
141,2015,4e4
141,2016,4e4
141,2017,4e4
143,2005,39679.0392366895
143,2006,40703.0360574482
143,2007,43427.8529335136
143,2008,43334.9005218537
143,2009,40377.8335126344
143,2010,38978.0055953415
143,2011,39621.9356635285
143,2012,39931.6093631367
143,2013,41259.7959649764
143,2014,41701.1372653816
143,2015,43048.1251452787
143,2016,45630.9381699818
143,2017,46482.9582874747
144,2005,36399.1322039005
144,2006,37236.54331117399
144,2007,38104.270030131396
144,2008,37767.48093929721
144,2009,36217.621119276606
144,2010,36426.58371763107
144,2011,36924.17137099828
144,2012,37112.68218518693
144,2013,37365.78626025297
144,2014,37842.05366425544
144,2015,38861.52635645934
144,2016,39418.474124062814
144,2017,40097.69076168299
145,2005,41800
145,2006,41800
145,2007,41800
145,2008,41800
145,2009,41800
145,2010,41800
145,2011,41800
145,2012,41800
145,2013,41800
145,2014,41800
145,2015,41800
145,2016,41800
145,2017,41800
146,2005,7628.734301099956
146,2006,7631.872113081516
146,2007,7656.6671123869555
146,2008,7695.069580695681
146,2009,7649.708047398876
146,2010,7652.281842413061
146,2011,7716.727584656304
146,2012,7700.525112082671
146,2013,7675.9562733628745
146,2014,7689.142125360854
146,2015,7740.870866739121
146,2016,7803.782878098371
146,2017,7835.80909665146
147,2005,17e3
147,2006,17e3
147,2007,17e3
147,2008,17e3
147,2009,17e3
147,2010,17e3
147,2011,17e3
147,2012,17e3
147,2013,17e3
147,2014,17e3
147,2015,17e3
147,2016,17e3
147,2017,17e3
148,2005,9571.428476165245
148,2006,9658.462997694849
148,2007,9840.07797100453
148,2008,9883.179904387414
148,2009,9828.93748517299
148,2010,9957.448409451652
148,2011,10214.670823740153
148,2012,10391.68708160537
148,2013,10709.553042689742
148,2014,11140.657200170592
148,2015,11333.37524774422
148,2016,11430.568385459894
148,2017,11338.860997627786
149,2005,9571.428476165245
149,2006,9658.462997694849
149,2007,9840.07797100453
149,2008,9883.179904387414
149,2009,9828.93748517299
149,2010,9957.448409451652
149,2011,10214.670823740153
149,2012,10391.68708160537
149,2013,10709.553042689742
149,2014,11140.657200170592
149,2015,11333.37524774422
149,2016,11430.568385459894
149,2017,11338.860997627786
150,2005,9571.428476165245
150,2006,9658.462997694849
150,2007,9840.07797100453
150,2008,9883.179904387414
150,2009,9828.93748517299
150,2010,9957.448409451652
150,2011,10214.670823740153
150,2012,10391.68708160537
150,2013,10709.553042689742
150,2014,11140.657200170592
150,2015,11333.37524774422
150,2016,11430.568385459894
150,2017,11338.860997627786
151,2005,11200
151,2006,11200
151,2007,11200
151,2008,11200
151,2009,11200
151,2010,11200
151,2011,11200
151,2012,11200
151,2013,11200
151,2014,11200
151,2015,11200
151,2016,11200
151,2017,11200
152,2005,5335.14944665353
152,2006,5405.19089100326
152,2007,5709.36149156864
152,2008,5728.00913068809
152,2009,5414.23928550108
152,2010,5399.89309631838
152,2011,5667.49053435576
152,2012,5644.29286051597
152,2013,5489.78709389587
152,2014,5511.1631119163
152,2015,5558.79187892505
152,2016,5914.28129085367
152,2017,6021.55742363963
153,2005,16700
153,2006,16700
153,2007,16700
153,2008,16700
153,2009,16700
153,2010,16700
153,2011,16700
153,2012,16700
153,2013,16700
153,2014,16700
153,2015,16700
153,2016,16700
153,2017,16700
154,2005,5800
154,2006,5800
154,2007,5800
154,2008,5800
154,2009,5800
154,2010,5800
154,2011,5800
154,2012,5800
154,2013,5800
154,2014,5800
154,2015,5800
154,2016,5800
154,2017,5800
155,2005,4946.88130817517
155,2006,4875.43432264969
155,2007,4641.84217568518
155,2008,4755.61025755074
155,2009,4836.41788299956
155,2010,4984.19362951029
155,2011,5101.45600452365
155,2012,5128.53417996375
155,2013,4950.70925199794
155,2014,5031.62995127747
155,2015,5189.84245337396
155,2016,5327.26719960567
155,2017,5425.62062501365
156,2005,1e3
156,2006,1e3
156,2007,1e3
156,2008,1e3
156,2009,1e3
156,2010,1e3
156,2011,1e3
156,2012,1e3
156,2013,1e3
156,2014,1e3
156,2015,1e3
156,2016,1e3
156,2017,1e3
157,2005,9571.428476165245
157,2006,9658.462997694849
157,2007,9840.07797100453
157,2008,9883.179904387414
157,2009,9828.93748517299
157,2010,9957.448409451652
157,2011,10214.670823740153
157,2012,10391.68708160537
157,2013,10709.553042689742
157,2014,11140.657200170592
157,2015,11333.37524774422
157,2016,11430.568385459894
157,2017,11338.860997627786
158,2005,9571.428476165245
158,2006,9658.462997694849
158,2007,9840.07797100453
158,2008,9883.179904387414
158,2009,9828.93748517299
158,2010,9957.448409451652
158,2011,10214.670823740153
158,2012,10391.68708160537
158,2013,10709.553042689742
158,2014,11140.657200170592
158,2015,11333.37524774422
158,2016,11430.568385459894
158,2017,11338.860997627786
159,2005,9571.428476165245
159,2006,9658.462997694849
159,2007,9840.07797100453
159,2008,9883.179904387414
159,2009,9828.93748517299
159,2010,9957.448409451652
159,2011,10214.670823740153
159,2012,10391.68708160537
159,2013,10709.553042689742
159,2014,11140.657200170592
159,2015,11333.37524774422
159,2016,11430.568385459894
159,2017,11338.860997627786
161,2005,3800
161,2006,3800
161,2007,3800
161,2008,3800
161,2009,3800
161,2010,3800
161,2011,3800
161,2012,3800
161,2013,3800
161,2014,3800
161,2015,3800
161,2016,3800
161,2017,3800
162,2005,31351.8359214992
162,2006,31768.8637917327
162,2007,32657.5800830811
162,2008,31881.1215825182
162,2009,32168.7713241048
162,2010,32119.2155430773
162,2011,32734.5366666969
162,2012,33369.2694611882
162,2013,33782.1008208516
162,2014,34455.3312172237
162,2015,35309.8237244851
162,2016,35776.5717269995
162,2017,36085.8427771972
163,2005,49762.2379013619
163,2006,50598.9483595843
163,2007,51011.4250263085
163,2008,50383.8405601926
163,2009,48557.8676445276
163,2010,49374.1788851797
163,2011,49793.7135249201
163,2012,50520.348289879
163,2013,51003.6859904151
163,2014,51921.9846391384
163,2015,53005.6361464627
163,2016,53399.3591673623
163,2017,54225.4461231621
164,2005,7873.1445932843
164,2006,8022.38627579263
164,2007,7902.7724669072
164,2008,7951.19745296898
164,2009,7809.84984637557
164,2010,7876.80958597644
164,2011,7857.24806614463
164,2012,7974.03416812534
164,2013,7856.37910906405
164,2014,7999.57369198528
164,2015,8127.6592935292
164,2016,7919.14724135852
164,2017,7824.36245892342
166,2005,8410.55745152552
166,2006,8605.46006923613
166,2007,8680.92090347008
166,2008,8565.22862647495
166,2009,8153.00192561391
166,2010,7996.01948795873
166,2011,8099.15557308659
166,2012,8016.04318975377
166,2013,8025.47136114805
166,2014,8051.24402830602
166,2015,8095.26186704479
166,2016,8179.62033999721
166,2017,8193.57064989072
167,2005,4698.82104023211
167,2006,4948.72447882563
167,2007,5308.38798486525
167,2008,5424.59512095975
167,2009,5621.9633011265
167,2010,5847.85725499679
167,2011,6130.83761606119
167,2012,6420.1147615941
167,2013,6696.78371459695
167,2014,6906.01230864481
167,2015,7076.93501857708
167,2016,7266.3352852239
167,2017,7435.0470900237
168,2005,12168.3335137445
168,2006,12501.5330157946
168,2007,13001.3831790987
168,2008,13397.0202307943
168,2009,13655.7387015241
168,2010,14211.8775163255
168,2011,14887.9368149101
168,2012,15132.2526091695
168,2013,15419.3073789075
168,2014,15306.6924367639
168,2015,14766.7991795839
168,2016,13877.9860066891
168,2017,13767.1185111168
169,2005,11508.264984695166
169,2006,12087.713661150116
169,2007,12749.337887861091
169,2008,13245.434739576294
169,2009,13069.035883424722
169,2010,13658.819822681658
169,2011,14281.748499374216
169,2012,14648.99240461592
169,2013,15035.731216071976
169,2014,15031.75957027717
169,2015,15126.117815309597
169,2016,15005.562559889177
169,2017,15168.648794092494
171,2005,12298.5879484653
171,2006,12643.5650089807
171,2007,13268.41390244
171,2008,13802.8179924238
171,2009,13649.8658402957
171,2010,14537.5671930903
171,2011,14973.0984736747
171,2012,15119.9121381768
171,2013,15432.8936308141
171,2014,15374.2615071807
171,2015,14702.5912680317
171,2016,14077.1214085544
171,2017,14103.4515313404
172,2005,15518.6785097698
172,2006,16592.264892395
172,2007,17900.7063421587
172,2008,18436.8624668727
172,2009,17168.3789365496
172,2010,18712.0630773436
172,2011,19629.3518451916
172,2012,19224.8743997107
172,2013,19482.190295091
172,2014,18797.5479465897
172,2015,19116.9079145132
172,2016,18584.580004917
172,2017,18933.9071474396
173,2005,12975.7564778626
173,2006,13485.5548667809
173,2007,14330.2947195051
173,2008,15307.8579539355
173,2009,15900.8292562752
173,2010,17082.4046586765
173,2011,17904.7458255325
173,2012,18477.3791250118
173,2013,19270.5760959696
173,2014,19827.5649886027
173,2015,19831.4458985188
173,2016,20093.6322583515
173,2017,20551.4094200387
174,2005,39115.7647931549
174,2006,40546.0807261049
174,2007,42467.2609961997
174,2008,42574.6411365042
174,2009,38867.7994464569
174,2010,39848.1344978775
174,2011,40683.5275821703
174,2012,39912.9413580065
174,2013,39428.3120606313
174,2014,39017.5372069548
174,2015,38941.7636030551
174,2016,39659.1660392991
174,2017,40585.7210349228
175,2005,44567.9313092661
175,2006,46159.9137391637
175,2007,46373.5166625592
175,2008,45865.7959577936
175,2009,43382.6254590015
175,2010,43998.4366716285
175,2011,44403.3941459257
175,2012,44336.8124612297
175,2013,44564.452155464904
175,2014,45057.0741699595
175,2015,45458.697148831
175,2016,45991.2247756847
175,2017,46682.5147204669
176,2005,37703.9329399406
176,2006,39143.1662435764
176,2007,40473.5274498896
176,2008,40989.4431148599
176,2009,38784.4524824906
176,2010,40428.7210307617
176,2011,42692.5197566424
176,2012,42822.0994035797
176,2013,42914.4761126655
176,2014,43560.6192440775
176,2015,43937.9471317278
176,2016,44431.8228379944
176,2017,45229.2452947032
177,2005,43507.3004303623
177,2006,44965.8849968144
177,2007,46527.6183857825
177,2008,47134.3029916063
177,2009,45125.8059189752
177,2010,45524.6621425733
177,2011,46066.6524059576
177,2012,45411.3523464895
177,2013,45191.4862497619
177,2014,45668.4414721322
177,2015,46494.3642578078
177,2016,47269.6329521216
177,2017,48472.544541153096
178,2005,17193.5237317708
178,2006,18267.5880180759
178,2007,19563.2976317127
178,2008,20391.9002245226
178,2009,20952.8016743906
178,2010,21770.6444359772
178,2011,22850.6388460286
178,2012,23218.1112952256
178,2013,23555.4962149534
178,2014,24347.0736576846
178,2015,25299.9743484897
178,2016,26035.8379036022
178,2017,27216.4448774425
179,2005,36505.8487338901
179,2006,37113.1834120459
179,2007,37755.2945139046
179,2008,37618.2073423763
179,2009,36324.3615384237
179,2010,36855.8446824064
179,2011,37440.6414948094
179,2012,37327.9444016171
179,2013,37350.2782677477
179,2014,37523.7275771828
179,2015,37766.3741116872
179,2016,38062.6397284874
179,2017,38605.6708967878
180,2005,37159.7989562295
180,2006,37793.6185013342
180,2007,38384.2519713226
180,2008,37903.3819323998
180,2009,36042.424228706
180,2010,36366.9831782522
180,2011,36607.9810897257
180,2012,36892.8503113158
180,2013,37398.7972183927
180,2014,38251.7924802929
180,2015,38839.1669568199
180,2016,39309.3270821404
180,2017,39753.2438934915
181,2005,46613.5570890697
181,2006,47879.0236108627
181,2007,48937.4941531265
181,2008,46062.6286354214
181,2009,43487.4790259755
181,2010,44030.4141487055
181,2011,45147.3762396776
181,2012,44973.1752551923
181,2013,45470.1585067362
181,2014,48898.3286615603
181,2015,60818.0462398536
181,2016,63227.2079765883
181,2017,67335.2934089652
182,2005,32901.9877322306
182,2006,33700.8521141386
182,2007,34329.6470032958
182,2008,34163.946391185404
182,2009,32652.5121822546
182,2010,32507.0939660629
182,2011,32068.2709273108
182,2012,31109.1874649142
182,2013,30678.9172969914
182,2014,31195.4052422035
182,2015,32291.1551993266
182,2016,33320.3727243715
182,2017,34272.3603838191
183,2005,26593.2855513384
183,2006,26957.6363702978
183,2007,27575.2367634059
183,2008,27590.3749475111
183,2009,26743.1979904258
183,2010,27238.4606724422
183,2011,26780.2149060404
183,2012,25805.8498346706
183,2013,25654.6142954091
183,2014,26023.6978492184
183,2015,26607.8331233896
183,2016,27124.155038865
183,2017,27936.8960928735
184,2005,37604.360624075
184,2006,38243.8063277255
184,2007,38612.0116543642
184,2008,37954.1606640052
184,2009,35710.4200015019
184,2010,36201.1615672134
184,2011,36347.3424784176
184,2012,35227.6248251817
184,2013,34219.8327781897
184,2014,33945.8438783585
184,2015,34302.0374026544
184,2016,34655.2627627333
184,2017,35220.0837894122
185,2005,115700
185,2006,115700
185,2007,115700
185,2008,115700
185,2009,115700
185,2010,115700
185,2011,115700
185,2012,115700
185,2013,115700
185,2014,115700
185,2015,115700
185,2016,115700
185,2017,115700
186,2005,11761.2459902268
186,2006,12752.9020496365
186,2007,13602.5879682473
186,2008,14559.2131506205
186,2009,13686.1000631178
186,2010,14034.584564008701
186,2011,14472.4735391199
186,2012,14066.4356048217
186,2013,14551.4467117944
186,2014,14796.6353955591
186,2015,15289.7211914952
186,2016,15737.0249188206
186,2017,16409.2876960117
187,2005,19541.7268655626
187,2006,20486.0732734108
187,2007,21560.5309637157
187,2008,22010.65051426
187,2009,20410.4241516193
187,2010,20171.9575294867
187,2011,20750.4433202401
187,2012,20346.7553456348
187,2013,20271.2801257632
187,2014,20334.4464738451
187,2015,20983.9852751789
187,2016,21799.9328108641
187,2017,22669.796546633
188,2005,26955.4759051744
188,2006,28389.3382006689
188,2007,30190.723646843
188,2008,31137.7763671714
188,2009,28451.5455225073
188,2010,28678.3726303687
188,2011,28804.7015194266
188,2012,27976.9163065514
188,2013,27622.6855482922
188,2014,28417.656441512
188,2015,29037.7416756681
188,2016,29930.037038675
188,2017,31400.8395120955
189,2005,18526.7326696155
189,2006,20219.1157060614
189,2007,22729.2136062761
189,2008,23567.7027097214
189,2009,20300.5037488854
189,2010,21070.6343301646
189,2011,22854.33217107
189,2012,24049.353977837
189,2013,25143.9151132396
189,2014,26258.2100974103
189,2015,27045.713019289
189,2016,28033.8739289417
189,2017,29524.2646006684
190,2005,109802.358599659
190,2006,118585.157547533
190,2007,118831.655399334
190,2008,119723.100711958
190,2009,117064.859658008
190,2010,125140.838348001
190,2011,129349.916351584
190,2012,125302.08000142
190,2013,122636.921618451
190,2014,120860.06755829
190,2015,119749.428536152
190,2016,118207.134622686
190,2017,116935.600359799
191,2005,15616.2546585476
191,2006,16211.4740638049
191,2007,17338.1264807958
191,2008,17187.287626522
191,2009,17162.0533627336
191,2010,17942.8328426143
191,2011,18192.1055960586
191,2012,16625.9192212313
191,2013,16383.2603498943
191,2014,16924.2006778247
191,2015,16500.9005123884
191,2016,18497.6743334441
191,2017,19082.619603326
192,2005,10895.4631985311
192,2006,11703.4733210159
192,2007,11575.2873771111
192,2008,12217.4484631342
192,2009,12299.4004613796
192,2010,12717.5975271684
192,2011,13261.6014514347
192,2012,14625.9740102981
192,2013,15223.5827145837
192,2014,14838.3829483763
192,2015,15072.8686710974
192,2016,16242.0690194963
192,2017,15663.9860708075
193,2005,1338.29552127237
193,2006,1338.34998717692
193,2007,1350.20274441335
193,2008,1360.63282444636
193,2009,1372.54238972908
193,2010,1400.36329312665
193,2011,1475.38909048806
193,2012,1412.95421241385
193,2013,1421.34057000761
193,2014,1398.25480632738
193,2015,1446.48940170034
193,2016,1498.83983814272
193,2017,1548.67470304471
194,2005,1504.03119301446
194,2006,1490.72085541257
194,2007,1558.54155135758
194,2008,1587.41529011559
194,2009,1534.97162023639
194,2010,1573.54495756823
194,2011,1625.56027314058
194,2012,1684.15384076647
194,2013,1711.70899444374
194,2014,1734.73674695657
194,2015,1758.31559527158
194,2016,1894.44129905562
194,2017,2081.13032711573
195,2005,2682.44886081623
195,2006,2670.22935592571
195,2007,2662.33111403082
195,2008,2672.3370818306
195,2009,2698.55434934798
195,2010,2690.25800198952
195,2011,2511.42019511915
195,2012,2712.3780260472
195,2013,2879.85021688847
195,2014,3054.53487386428
195,2015,3241.61205578936
195,2016,3424.96402094039
195,2017,3601.00590113374
196,2005,4149.27799749232
196,2006,4374.28442282548
196,2007,4551.6054338964605
196,2008,4710.55465978387
196,2009,4904.92094626372
196,2010,5150.15881822763
196,2011,5259.29550424022
196,2012,5339.45166805228
196,2013,5479.05833923557
196,2014,5671.9006010195
196,2015,5670.63944311027
196,2016,5434.73479515868
196,2017,5338.45412665139
197,2005,2829.190690079
197,2006,2848.72465800691
197,2007,2907.82660691982
197,2008,2927.84464777934
197,2009,2911.29666861693
197,2010,2929.82911281962
197,2011,2969.0475747898
197,2012,3021.20596968087
197,2013,3100.17130995318
197,2014,3196.36152634263
197,2015,3289.06454559229
197,2016,3346.81779272084
197,2017,3364.92605635113
198,2005,16803.5467468112
198,2006,15860.3756316771
198,2007,16312.5763202048
198,2008,15288.1448938099
198,2009,14822.3905527168
198,2010,15355.7846497731
198,2011,15893.5477170288
198,2012,16159.7218498264
198,2013,16503.0683638231
198,2014,16678.6381326502
198,2015,16836.7834211625
198,2016,16756.6944675998
198,2017,16562.4133558094
199,2005,594.077030259882
199,2006,605.863166688897
199,2007,623.128666489071
199,2008,640.478306635141
199,2009,637.275148782525
199,2010,660.210955818272
199,2011,682.43215537283
199,2012,706.797963756204
199,2013,741.618430150658
199,2014,785.347340663008
199,2015,812.403370091792
199,2016,805.064264107408
199,2017,808.133213366763
200,2005,3987.81493621439
200,2006,4578.82771829926
200,2007,5443.11793253444
200,2008,5978.32324902683
200,2009,5908.04224811631
200,2010,5897.68284059848
200,2011,5911.25409210655
200,2012,5999.90210602209
200,2013,6188.0037558835
200,2014,6257.15287433489
200,2015,6227.664689061
200,2016,5972.451512997
200,2017,5819.49497145261
202,2005,1820.07786009474
202,2006,1847.60265095969
202,2007,1942.48861633205
202,2008,1986.91495448207
202,2009,2028.60981325381
202,2010,2090.58322467574
202,2011,2186.13158170674
202,2012,2227.8287135784
202,2013,2316.44308046481
202,2014,2402.09940362843
202,2015,2490.95575931317
202,2016,2583.5285031541
202,2017,2683.3040235534
203,2005,3178.82872375265
203,2006,3419.93110735393
203,2007,3698.77749042629
203,2008,3786.63267681153
203,2009,4049.80511471348
203,2010,4404.69700530387
203,2011,4635.87913658849
203,2012,4827.5596557662
203,2013,5073.60548933396
203,2014,5385.14181406703
203,2015,5756.66466489307
203,2016,6095.72279590336
203,2017,6426.67440634599
204,2005,1929.93874339681
204,2006,2031.27129311695
204,2007,2148.47399345425
204,2008,2252.16873338547
204,2009,2339.86576916766
204,2010,2442.72888765696
204,2011,2570.85014525476
204,2012,2706.58674530986
204,2013,2835.76661976407
204,2014,2973.0415646346
204,2015,3132.56754015214
204,2016,3319.35280468543
204,2017,3523.98385062592
205,2005,2274.88473607483
205,2006,2553.18939033366
205,2007,2840.44800979782
205,2008,3112.23973581319
205,2009,3418.40866072166
205,2010,3721.21144009279
205,2011,3898.41462716496
205,2012,4148.69819576985
205,2013,4457.90132904328
205,2014,4770.01209867368
205,2015,5056.85904071061
205,2016,5305.04713749719
205,2017,5591.5968799618
206,2005,18577.0912031848
206,2006,19251.3354514163
206,2007,20093.2686931332
206,2008,20687.1311182996
206,2009,20009.1992810828
206,2010,21107.2679372523
206,2011,21818.8756940003
206,2012,22590.7915238531
206,2013,23224.1884369621
206,2014,24194.6339084542
206,2015,25001.6126731494
206,2016,25668.884358229
206,2017,26808.1640645679
207,2005,3405.67919485849
207,2006,3609.68303701039
207,2007,3831.24321744876
207,2008,4009.95932073598
207,2009,4185.01979241841
207,2010,4408.16861192198
207,2011,4632.76596523658
207,2012,4821.13723082384
207,2013,5024.43890182073
207,2014,5264.82809971072
207,2015,5554.85805564661
207,2016,5837.62870356959
207,2017,6171.8841923362
208,2005,61973.6852211441
208,2006,65386.1354632428
208,2007,68432.6855468307
208,2008,66046.14738518
208,2009,63697.2914292975
208,2010,72115.8395014504
208,2011,75113.2045300368
208,2012,76285.5699220258
208,2013,78896.6126956642
208,2014,80903.5346542296
208,2015,81741.096935529
208,2016,82621.5031826688
208,2017,85535.3832002
209,2005,5931.821145143955
209,2006,6636.371425695819
209,2007,7522.339507606941
209,2008,8185.206010829936
209,2009,8878.2823817772
209,2010,9770.164145460394
209,2011,10642.950253538338
209,2012,11405.204868282022
209,2013,12218.275891308522
209,2014,13024.449626050538
209,2015,13820.952618161826
209,2016,14650.23036080201
209,2017,15564.838926108616
210,2005,35658.1486655825
210,2006,36141.5852354162
210,2007,36697.2408992343
210,2008,36278.3694728356
210,2009,34317.670824811
210,2010,35749.7566788784
210,2011,35774.6967129559
210,2012,36367.5970553161
210,2013,37148.6027499704
210,2014,37337.3174057788
210,2015,37882.980624441
210,2016,38282.5046733349
210,2017,39002.2233247384
212,2005,1976.1603695261
212,2006,1904.99136523018
212,2007,1905.48125122897
212,2008,1829.82943926839
212,2009,1796.29807713857
212,2010,1731.53862650466
212,2011,1706.4809532381
212,2012,1762.06034919905
212,2013,1830.93779187788
212,2014,1815.12831464496
212,2015,1967.30205134886
212,2016,1955.15579891088
212,2017,1981.13186864146
214,2005,8001.51654058756
214,2006,8398.87453511458
214,2007,8838.52479551261
214,2008,9305.41495471612
214,2009,9561.84756856866
214,2010,9857.46828190066
214,2011,9823.82328675711
214,2012,9822.42018054691
214,2013,9814.21213021382
214,2014,9879.79935855302
214,2015,10095.6101677121
214,2016,10324.1011436186
214,2017,10550.2064956646
215,2005,8799.58995597642
215,2006,9158.94577148227
215,2007,9493.47749794848
215,2008,9714.78233696228
215,2009,9749.14362822382
215,2010,9472.76832624669
215,2011,9214.20662405696
215,2012,8964.2634312104
215,2013,8756.71083942167
215,2014,8622.18546801292
215,2015,8491.05031104045
215,2016,8389.60457395155
215,2017,8337.489701029
216,2005,6824.60631146103
216,2006,7102.11454033631
216,2007,7450.60215836214
216,2008,7792.62993124944
216,2009,8044.97033037879
216,2010,8433.49735678452
216,2011,8837.82012171405
216,2012,9251.17553694602
216,2013,9643.2748298101
216,2014,10003.0890293448
216,2015,10367.7019920006
216,2016,10766.3714478177
216,2017,11188.7440161175
218,2005,40471.2605251176
218,2006,41203.3504026759
218,2007,41647.3878092126
218,2008,41611.2508139689
218,2009,39924.1959013064
218,2010,40699.3551293841
218,2011,41565.2712210369
218,2012,41794.5389176845
218,2013,42339.3788754169
218,2014,43079.1425247165
218,2015,43149.4758370305
218,2016,43238.2596047198
218,2017,44017.5909063335
219,2005,46200
219,2006,46200
219,2007,46200
219,2008,46200
219,2009,46200
219,2010,46200
219,2011,46200
219,2012,46200
219,2013,46200
219,2014,46200
219,2015,46200
219,2016,46200
219,2017,46200
220,2005,36327.2318988918
220,2006,36327.2318988918
220,2007,36327.2318988918
220,2008,36327.2318988918
220,2009,36327.2318988918
220,2010,36327.2318988918
220,2011,36327.2318988918
220,2012,36327.2318988918
220,2013,36327.2318988918
220,2014,36327.2318988918
220,2015,36327.2318988918
220,2016,36327.2318988918
220,2017,36327.2318988918
221,2005,19300
221,2006,19300
221,2007,19300
221,2008,19300
221,2009,19300
221,2010,19300
221,2011,19300
221,2012,19300
221,2013,19300
221,2014,19300
221,2015,19300
221,2016,19300
221,2017,19300
222,2005,41227.308712458
222,2006,42918.010253542
222,2007,44051.4676089092
222,2008,43466.1418421499
222,2009,40862.9701317373
222,2010,42942.5625032962
222,2011,43755.0604392612
222,2012,43308.2144684442
222,2013,43475.8013408384
222,2014,44167.6318669891
222,2015,45679.2779973863
222,2016,46568.1771455909
222,2017,46949.2830858792
223,2005,62864.7964675944
223,2006,63854.1135353232
223,2007,65083.2586976308
223,2008,64586.1779018675
223,2009,62698.285355183
223,2010,62350.410706875096
223,2011,62145.0261549128
223,2012,63003.4108977463
223,2013,62896.290059206
223,2014,63419.314778542
223,2015,64008.2868303461
223,2016,64159.544250136
223,2017,64800.0573263061
224,2005,17007.5798219092
224,2006,17890.5997209251
224,2007,18572.5683881681
224,2008,19031.6164297818
224,2009,18547.4615343093
224,2010,19442.0503154635
224,2011,20437.704525923
224,2012,21330.2399109073
224,2013,21998.3071454324
224,2014,22195.2743713617
224,2015,22516.6078575125
224,2016,22614.3936667162
224,2017,22767.0371912423
227,2005,56600
227,2006,56600
227,2007,56600
227,2008,56600
227,2009,56600
227,2010,56600
227,2011,56600
227,2012,56600
227,2013,56600
227,2014,56600
227,2015,56600
227,2016,56600
227,2017,56600
228,2005,52500
228,2006,52500
228,2007,52500
228,2008,52500
228,2009,52500
228,2010,52500
228,2011,52500
228,2012,52500
228,2013,52500
228,2014,52500
228,2015,52500
228,2016,52500
228,2017,52500
231,2005,6293.55041058645
231,2006,8728.12068887512
231,2007,9039.19456512673
231,2008,9822.37592411801
231,2009,9109.75984745067
231,2010,8860.85000508979
231,2011,9717.15140436382
231,2012,9977.07909714753
231,2013,8672.49917985592
231,2014,6262.90551556596
231,2015,7398.83788250288
231,2016,7297.00179604536
231,2017,6570.10161939798
232,2005,8311.68843452059
232,2006,8763.50925372467
232,2007,9278.97388549683
232,2008,9824.10569696296
232,2009,9573.73887363665
232,2010,9720.34217718095
232,2011,9901.61020154702
232,2012,9929.70728327081
232,2013,10284.7845506136
232,2014,10516.7864355965
232,2015,10932.4594822386
232,2016,11337.5702648861
232,2017,11713.8947839235
237,2005,20059.024963282987
237,2006,21116.97403751148
237,2007,21631.17923677456
237,2008,21389.501973182967
237,2009,20828.551901492367
237,2010,22080.602585156405
237,2011,22835.41627908863
237,2012,23231.250003390684
237,2013,23303.157129605428
237,2014,23205.570805423304
237,2015,23513.88941491672
237,2016,23568.93582848453
237,2017,24119.705328539287
244,2005,15e3
244,2006,15e3
244,2007,15e3
244,2008,15e3
244,2009,15e3
244,2010,15e3
244,2011,15e3
244,2012,15e3
244,2013,15e3
244,2014,15e3
244,2015,15e3
244,2016,15e3
244,2017,15e3
245,2005,22811.060983397547
245,2006,23274.8796164335
245,2007,23511.824105914882
245,2008,23613.489555434186
245,2009,23035.60287825658
245,2010,22924.798990003575
245,2011,22855.82388804731
245,2012,22780.971972326086
245,2013,22795.91487678548
245,2014,22974.1862668356
245,2015,23078.373990562737
245,2016,23043.932629771673
245,2017,23042.400043412315
247,2005,82967.1127639163
247,2006,85424.5583581664
247,2007,84503.538755155
247,2008,81905.6581289731
247,2009,79512.7550128728
247,2010,80552.8644713138
247,2011,82434.8830910215
247,2012,81993.9320766154
247,2013,79070.2459316149
247,2014,76089.2865740815
247,2015,74600.1642971982
247,2016,71788.7833914688
247,2017,71809.250580867
248,2005,22811.060983397547
248,2006,23274.8796164335
248,2007,23511.824105914882
248,2008,23613.489555434186
248,2009,23035.60287825658
248,2010,22924.798990003575
248,2011,22855.82388804731
248,2012,22780.971972326086
248,2013,22795.91487678548
248,2014,22974.1862668356
248,2015,23078.373990562737
248,2016,23043.932629771673
248,2017,23042.400043412315
249,2005,22811.060983397547
249,2006,23274.8796164335
249,2007,23511.824105914882
249,2008,23613.489555434186
249,2009,23035.60287825658
249,2010,22924.798990003575
249,2011,22855.82388804731
249,2012,22780.971972326086
249,2013,22795.91487678548
249,2014,22974.1862668356
249,2015,23078.373990562737
249,2016,23043.932629771673
249,2017,23042.400043412315
250,2005,35973.780509792
250,2006,35973.780509792
250,2007,35973.780509792
250,2008,35973.780509792
250,2009,35973.780509792
250,2010,35973.780509792
250,2011,35973.780509792
250,2012,35973.780509792
250,2013,35973.780509792
250,2014,35973.780509792
250,2015,35973.780509792
250,2016,35973.780509792
250,2017,35973.780509792
